species_label,year,lat,lng,count,province,city,district,address,data_source
大鳄龟,2018,23.7386601671924,120.96479657390616,1,台湾省,,,台湾省,GBIF
大鳄龟,2024,23.7386601671924,120.96479657390616,1,台湾省,,,台湾省,GBIF
大鳄龟,2025,39.95352117022552,116.51534338013552,1,北京市,北京市,朝阳区,北京市 朝阳区,GBIF
大鳄龟,2026,22.37267792146093,114.13739429964244,1,香港特别行政区,,,香港特别行政区,GBIF
大鳄龟,,31.21078225224992,121.48904433261578,1,上海市,,,上海市,Triplets
大鳄龟,,40.18698478637371,116.41892401824192,1,北京市,,,北京市,Triplets
大鳄龟,,30.626543552548597,102.6951114402608,1,四川省,,,四川省,Triplets
大鳄龟,,36.36196535534078,118.18286398987608,1,山东省,,,山东省,Triplets
大鳄龟,,23.304812771431603,113.41790595544724,1,广东省,,,广东省,Triplets
大鳄龟,,23.81827511414045,108.79264334710048,1,广西壮族自治区,,,广西壮族自治区,Triplets
大鳄龟,,32.96486132153154,119.49340941670576,1,江苏省,,,江苏省,Triplets
大鳄龟,,27.61158014411382,115.72733881673588,1,江西省,,,江西省,Triplets
大鳄龟,,29.18236217312296,120.144261266752,1,浙江省,,,浙江省,Triplets
大鳄龟,,17.881890269508578,110.29700571561348,1,海南省,,,海南省,Triplets
大鳄龟,,27.60668273712699,111.71415132730344,1,湖南省,,,湖南省,Triplets
福寿螺,1979,23.7386601671924,120.96479657390616,1,台湾省,,,台湾省,Triplets
福寿螺,1981,22.51752542481116,113.4045298350969,3,广东省,中山市,,广东省 中山市,Triplets
福寿螺,1999,28.754324390906085,121.14147722478135,1,浙江省,台州市,,浙江省 台州市,Triplets
福寿螺,2001,23.7386601671924,120.96479657390616,1,台湾省,,,台湾省,GBIF
福寿螺,2002,29.72778706869243,121.48336208357286,1,浙江省,宁波市,,浙江省 宁波市,Triplets
福寿螺,2004,23.7386601671924,120.96479657390616,16,台湾省,,,台湾省,GBIF
福寿螺,2005,23.7386601671924,120.96479657390616,27,台湾省,,,台湾省,GBIF
福寿螺,2006,23.7386601671924,120.96479657390616,35,台湾省,,,台湾省,GBIF
福寿螺,2006,22.37267792146093,114.13739429964244,2,香港特别行政区,,,香港特别行政区,GBIF
福寿螺,2007,23.7386601671924,120.96479657390616,2,台湾省,,,台湾省,GBIF
福寿螺,2008,23.7386601671924,120.96479657390616,20,台湾省,,,台湾省,GBIF
福寿螺,2009,25.74238483268029,100.21069268965762,1,云南省,大理白族自治州,大理市,云南省 大理白族自治州 大理市,Triplets
福寿螺,2009,23.7386601671924,120.96479657390616,3,台湾省,,,台湾省,GBIF
福寿螺,2010,24.35963952615164,106.64245472940162,1,广西壮族自治区,百色市,凌云县,广西壮族自治区 百色市 凌云县,GBIF
福寿螺,2012,24.94251004584769,110.90247281152868,1,广西壮族自治区,桂林市,恭城瑶族自治县,广西壮族自治区 桂林市 恭城瑶族自治县,GBIF
福寿螺,2012,22.37267792146093,114.13739429964244,1,香港特别行政区,,,香港特别行政区,GBIF
福寿螺,2014,40.18698478637371,116.41892401824192,1,北京市,,,北京市,Triplets
福寿螺,2015,23.7386601671924,120.96479657390616,9,台湾省,,,台湾省,GBIF
福寿螺,2016,22.745674175645085,113.5378788175765,1,广东省,广州市,南沙区,广东省 广州市 南沙区,GBIF
福寿螺,2016,28.12505282298817,112.35302172306602,1,湖南省,长沙市,宁乡市,湖南省 长沙市 宁乡市,GBIF
福寿螺,2017,25.352089991530782,110.51831051324464,1,广西壮族自治区,桂林市,,广西壮族自治区 桂林市,Triplets
福寿螺,2018,23.7386601671924,120.96479657390616,3,台湾省,,,台湾省,GBIF
福寿螺,2019,23.7386601671924,120.96479657390616,7,台湾省,,,台湾省,GBIF
福寿螺,2020,23.7386601671924,120.96479657390616,4,台湾省,,,台湾省,GBIF
福寿螺,2021,23.7386601671924,120.96479657390616,18,台湾省,,,台湾省,GBIF
福寿螺,2022,23.7386601671924,120.96479657390616,4,台湾省,,,台湾省,GBIF
福寿螺,2022,29.490387157219143,113.5139525024067,1,湖南省,岳阳市,临湘市,湖南省 岳阳市 临湘市,GBIF
福寿螺,2022,27.88659008433667,112.9976007336388,1,湖南省,湘潭市,岳塘区,湖南省 湘潭市 岳塘区,GBIF
福寿螺,2023,25.724794627466583,100.040270918449,1,云南省,大理白族自治州,,云南省 大理白族自治州,Triplets
福寿螺,2023,23.7386601671924,120.96479657390616,24,台湾省,,,台湾省,GBIF
福寿螺,2023,31.656953366553253,118.04724119878372,1,安徽省,马鞍山市,含山县,安徽省 马鞍山市 含山县,Triplets
福寿螺,2023,31.75434787304999,118.29836916165424,1,安徽省,马鞍山市,和县,安徽省 马鞍山市 和县,Triplets
福寿螺,2023,31.463438725149597,118.60137812717984,1,安徽省,马鞍山市,当涂县,安徽省 马鞍山市 当涂县,Triplets
福寿螺,2023,31.71718291580681,118.5529480487675,1,安徽省,马鞍山市,花山区,安徽省 马鞍山市 花山区,Triplets
福寿螺,2023,31.64014974165629,118.54099506090544,1,安徽省,马鞍山市,雨山区,安徽省 马鞍山市 雨山区,Triplets
福寿螺,2023,23.143083366852967,106.31429559722852,1,广西壮族自治区,百色市,靖西市,广西壮族自治区 百色市 靖西市,GBIF
福寿螺,2023,27.61246337953896,112.77076844165012,1,湖南省,湘潭市,湘潭县,湖南省 湘潭市 湘潭县,GBIF
福寿螺,2023,28.12505282298817,112.35302172306602,1,湖南省,长沙市,宁乡市,湖南省 长沙市 宁乡市,Triplets
福寿螺,2024,23.7386601671924,120.96479657390616,2,台湾省,,,台湾省,GBIF
福寿螺,2024,22.593632942589917,114.2751004251222,1,广东省,深圳市,盐田区,广东省 深圳市 盐田区,GBIF
福寿螺,2024,33.041687462318585,112.289973435647,1,河南省,南阳市,,河南省 南阳市,Triplets
福寿螺,2026,23.7386601671924,120.96479657390616,1,台湾省,,,台湾省,GBIF
福寿螺,,31.358082438058517,121.24438535086614,1,上海市,上海市,嘉定区,上海市 嘉定区,Triplets
福寿螺,,31.25790589853677,121.39204249947996,1,上海市,上海市,普陀区,上海市 普陀区,Triplets
福寿螺,,31.08715896575899,121.7503353068396,1,上海市,上海市,浦东新区,上海市 浦东新区,Triplets
福寿螺,,31.20739726769683,121.38096225131495,1,上海市,上海市,长宁区,上海市 长宁区,Triplets
福寿螺,,31.21078225224992,121.48904433261578,1,上海市,,,上海市,Triplets
福寿螺,,24.97231308028129,101.48812245314876,1,云南省,,,云南省,Triplets
福寿螺,,23.7386601671924,120.96479657390616,1,台湾省,,,台湾省,Triplets
福寿螺,,30.626543552548597,102.6951114402608,1,四川省,,,四川省,Triplets
福寿螺,,23.304812771431603,113.41790595544724,1,广东省,,,广东省,Triplets
福寿螺,,23.81827511414045,108.79264334710048,1,广西壮族自治区,,,广西壮族自治区,Triplets
福寿螺,,31.59052732160796,119.03241906101644,1,江苏省,南京市,溧水区,江苏省 南京市 溧水区,Triplets
福寿螺,,31.925232571888543,118.8479846175208,2,江苏省,南京市,,江苏省 南京市,Triplets
福寿螺,,32.96486132153154,119.49340941670576,1,江苏省,,,江苏省,Triplets
福寿螺,,27.61158014411382,115.72733881673588,1,江西省,,,江西省,Triplets
福寿螺,,33.881426589317435,113.6200303531498,1,河南省,,,河南省,Triplets
福寿螺,,29.89740204472442,119.47505765865164,1,浙江省,杭州市,,浙江省 杭州市,Triplets
福寿螺,,29.18236217312296,120.144261266752,1,浙江省,,,浙江省,Triplets
福寿螺,,19.74703678552975,110.78868998892436,1,海南省,文昌市,,海南省 文昌市,Triplets
福寿螺,,17.881890269508578,110.29700571561348,1,海南省,,,海南省,Triplets
福寿螺,,30.973896659164577,112.27555047569828,1,湖北省,,,湖北省,Triplets
福寿螺,,29.47703656750169,112.86596404942723,1,湖南省,岳阳市,君山区,湖南省 岳阳市 君山区,Triplets
福寿螺,,28.47325917563864,112.43680725876088,1,湖南省,益阳市,赫山区,湖南省 益阳市 赫山区,Triplets
福寿螺,,27.60668273712699,111.71415132730344,1,湖南省,,,湖南省,Triplets
福寿螺,,26.174364684818087,119.11655414124006,1,福建省,福州市,闽侯县,福建省 福州市 闽侯县,Triplets
福寿螺,,26.051721973543824,118.00962802932943,1,福建省,,,福建省,Triplets
福寿螺,,31.489022417428156,88.44350291245746,1,西藏自治区,,,西藏自治区,Triplets
福寿螺,,26.03018976571741,108.4125892415254,1,贵州省,黔东南苗族侗族自治州,榕江县,贵州省 黔东南苗族侗族自治州 榕江县,Triplets
福寿螺,,26.150540315805355,109.06684292962156,1,贵州省,黔东南苗族侗族自治州,黎平县,贵州省 黔东南苗族侗族自治州 黎平县,Triplets
福寿螺,,26.812352192779315,106.87807864831862,1,贵州省,,,贵州省,Triplets
福寿螺,,30.05433444165049,107.8788525954856,1,重庆市,,,重庆市,Triplets
福寿螺,,35.19121369248034,108.8741944770952,1,陕西省,,,陕西省,Triplets
福寿螺,,46.52565596292599,131.5179082783579,1,黑龙江省,双鸭山市,宝山区,黑龙江省 双鸭山市 宝山区,Triplets
红耳彩龟,2007,29.34649277714877,110.50111265887548,1,湖南省,张家界市,武陵源区,湖南省 张家界市 武陵源区,GBIF
红耳彩龟,2008,31.358082438058517,121.24438535086614,1,上海市,上海市,嘉定区,上海市 嘉定区,GBIF
红耳彩龟,2009,23.7386601671924,120.96479657390616,2,台湾省,,,台湾省,GBIF
红耳彩龟,2009,22.37267792146093,114.13739429964244,5,香港特别行政区,,,香港特别行政区,GBIF
红耳彩龟,2010,23.7386601671924,120.96479657390616,1,台湾省,,,台湾省,GBIF
红耳彩龟,2010,22.15993981190928,113.56722957508072,1,澳门特别行政区,,,澳门特别行政区,GBIF
红耳彩龟,2010,24.91719173334794,118.62700691750128,1,福建省,泉州市,丰泽区,福建省 泉州市 丰泽区,GBIF
红耳彩龟,2010,22.37267792146093,114.13739429964244,2,香港特别行政区,,,香港特别行政区,GBIF
红耳彩龟,2011,23.7386601671924,120.96479657390616,1,台湾省,,,台湾省,GBIF
红耳彩龟,2011,22.37267792146093,114.13739429964244,1,香港特别行政区,,,香港特别行政区,GBIF
红耳彩龟,2012,23.7386601671924,120.96479657390616,7,台湾省,,,台湾省,GBIF
红耳彩龟,2012,30.20096180683017,120.08341957657352,1,浙江省,杭州市,西湖区,浙江省 杭州市 西湖区,GBIF
红耳彩龟,2012,22.37267792146093,114.13739429964244,2,香港特别行政区,,,香港特别行政区,GBIF
红耳彩龟,2013,23.7386601671924,120.96479657390616,7,台湾省,,,台湾省,GBIF
红耳彩龟,2013,29.500879293701534,103.39346982078396,1,四川省,乐山市,峨眉山市,四川省 乐山市 峨眉山市,GBIF
红耳彩龟,2013,22.15993981190928,113.56722957508072,1,澳门特别行政区,,,澳门特别行政区,GBIF
红耳彩龟,2013,24.46169524033992,118.13139175692176,1,福建省,厦门市,思明区,福建省 厦门市 思明区,GBIF
红耳彩龟,2013,22.37267792146093,114.13739429964244,4,香港特别行政区,,,香港特别行政区,GBIF
红耳彩龟,2014,31.162980006993923,121.43940435148488,1,上海市,上海市,徐汇区,上海市 徐汇区,GBIF
红耳彩龟,2014,23.7386601671924,120.96479657390616,7,台湾省,,,台湾省,GBIF
红耳彩龟,2014,30.60475980905398,104.02568775357244,1,四川省,成都市,武侯区,四川省 成都市 武侯区,GBIF
红耳彩龟,2014,22.63040438818055,114.35989497612884,2,广东省,深圳市,龙岗区,广东省 深圳市 龙岗区,GBIF
红耳彩龟,2014,29.30081800925886,120.06125546686728,1,浙江省,金华市,义乌市,浙江省 金华市 义乌市,GBIF
红耳彩龟,2014,24.447230973457188,118.36778692074434,1,福建省,泉州市,金门县,福建省 泉州市 金门县,GBIF
红耳彩龟,2014,34.210266800009826,108.9342737024032,1,陕西省,西安市,雁塔区,陕西省 西安市 雁塔区,GBIF
红耳彩龟,2014,22.37267792146093,114.13739429964244,2,香港特别行政区,,,香港特别行政区,GBIF
红耳彩龟,2015,31.392070197057475,121.4048721439436,1,上海市,上海市,宝山区,上海市 宝山区,GBIF
红耳彩龟,2015,31.21594260789715,121.48357101237308,1,上海市,上海市,黄浦区,上海市 黄浦区,GBIF
红耳彩龟,2015,23.7386601671924,120.96479657390616,8,台湾省,,,台湾省,GBIF
红耳彩龟,2015,30.67956726335655,103.98133640091255,1,四川省,成都市,青羊区,四川省 成都市 青羊区,GBIF
红耳彩龟,2015,22.15993981190928,113.56722957508072,1,澳门特别行政区,,,澳门特别行政区,GBIF
红耳彩龟,2015,24.447230973457188,118.36778692074434,2,福建省,泉州市,金门县,福建省 泉州市 金门县,GBIF
红耳彩龟,2015,22.37267792146093,114.13739429964244,8,香港特别行政区,,,香港特别行政区,GBIF
红耳彩龟,2016,31.162980006993923,121.43940435148488,1,上海市,上海市,徐汇区,上海市 徐汇区,GBIF
红耳彩龟,2016,31.21594260789715,121.48357101237308,1,上海市,上海市,黄浦区,上海市 黄浦区,GBIF
红耳彩龟,2016,23.7386601671924,120.96479657390616,9,台湾省,,,台湾省,GBIF
红耳彩龟,2016,22.54342661680557,114.04658779242284,1,广东省,深圳市,福田区,广东省 深圳市 福田区,GBIF
红耳彩龟,2016,29.831316021823383,119.55310972272788,1,浙江省,杭州市,桐庐县,浙江省 杭州市 桐庐县,GBIF
红耳彩龟,2016,18.262591466450043,109.59645812318747,1,海南省,三亚市,吉阳区,海南省 三亚市 吉阳区,GBIF
红耳彩龟,2016,28.13046345361896,112.83623947699608,1,湖南省,长沙市,岳麓区,湖南省 长沙市 岳麓区,GBIF
红耳彩龟,2016,24.447230973457188,118.36778692074434,2,福建省,泉州市,金门县,福建省 泉州市 金门县,GBIF
红耳彩龟,2016,22.37267792146093,114.13739429964244,48,香港特别行政区,,,香港特别行政区,GBIF
红耳彩龟,2017,23.7386601671924,120.96479657390616,7,台湾省,,,台湾省,GBIF
红耳彩龟,2017,23.33203520960601,113.54345463186124,1,广东省,广州市,,广东省 广州市,Triplets
红耳彩龟,2017,24.641514044698265,113.6283257105737,1,广东省,韶关市,曲江区,广东省 韶关市 曲江区,GBIF
红耳彩龟,2017,34.71518938246065,112.55614173336906,1,河南省,洛阳市,瀍河回族区,河南省 洛阳市 瀍河回族区,GBIF
红耳彩龟,2017,24.46169524033992,118.13139175692176,1,福建省,厦门市,思明区,福建省 厦门市 思明区,GBIF
红耳彩龟,2017,26.752341983241724,119.46025816550365,1,福建省,宁德市,蕉城区,福建省 宁德市 蕉城区,GBIF
红耳彩龟,2017,24.447230973457188,118.36778692074434,1,福建省,泉州市,金门县,福建省 泉州市 金门县,GBIF
红耳彩龟,2017,22.37267792146093,114.13739429964244,19,香港特别行政区,,,香港特别行政区,GBIF
红耳彩龟,2018,30.89831395348909,121.56138279456356,1,上海市,上海市,奉贤区,上海市 奉贤区,GBIF
红耳彩龟,2018,31.25790589853677,121.39204249947996,1,上海市,上海市,普陀区,上海市 普陀区,GBIF
红耳彩龟,2018,31.08715896575899,121.7503353068396,1,上海市,上海市,浦东新区,上海市 浦东新区,GBIF
红耳彩龟,2018,26.86430247652221,100.32422255995644,1,云南省,丽江市,古城区,云南省 丽江市 古城区,GBIF
红耳彩龟,2018,23.7386601671924,120.96479657390616,36,台湾省,,,台湾省,GBIF
红耳彩龟,2018,30.60475980905398,104.02568775357244,1,四川省,成都市,武侯区,四川省 成都市 武侯区,GBIF
红耳彩龟,2018,30.67956726335655,103.98133640091255,2,四川省,成都市,青羊区,四川省 成都市 青羊区,GBIF
红耳彩龟,2018,22.97365613364083,113.40681932302805,1,广东省,广州市,番禺区,广东省 广州市 番禺区,GBIF
红耳彩龟,2018,31.658667968840017,120.82290369084392,1,江苏省,苏州市,常熟市,江苏省 苏州市 常熟市,GBIF
红耳彩龟,2018,22.15993981190928,113.56722957508072,2,澳门特别行政区,,,澳门特别行政区,GBIF
红耳彩龟,2018,24.447230973457188,118.36778692074434,1,福建省,泉州市,金门县,福建省 泉州市 金门县,GBIF
红耳彩龟,2018,24.90850469828728,118.54820228549218,1,福建省,泉州市,鲤城区,福建省 泉州市 鲤城区,GBIF
红耳彩龟,2018,22.37267792146093,114.13739429964244,45,香港特别行政区,,,香港特别行政区,GBIF
红耳彩龟,2019,31.162980006993923,121.43940435148488,2,上海市,上海市,徐汇区,上海市 徐汇区,GBIF
红耳彩龟,2019,23.7386601671924,120.96479657390616,53,台湾省,,,台湾省,GBIF
红耳彩龟,2019,30.60475980905398,104.02568775357244,2,四川省,成都市,武侯区,四川省 成都市 武侯区,GBIF
红耳彩龟,2019,30.67956726335655,103.98133640091255,1,四川省,成都市,青羊区,四川省 成都市 青羊区,GBIF
红耳彩龟,2019,23.15980389557457,113.3762328567298,1,广东省,广州市,天河区,广东省 广州市 天河区,GBIF
红耳彩龟,2019,22.97365613364083,113.40681932302805,1,广东省,广州市,番禺区,广东省 广州市 番禺区,GBIF
红耳彩龟,2019,22.541479061573185,113.93692963007186,3,广东省,深圳市,南山区,广东省 深圳市 南山区,GBIF
红耳彩龟,2019,22.63040438818055,114.35989497612884,1,广东省,深圳市,龙岗区,广东省 深圳市 龙岗区,GBIF
红耳彩龟,2019,34.592738433051125,112.53972890805682,1,河南省,洛阳市,洛龙区,河南省 洛阳市 洛龙区,GBIF
红耳彩龟,2019,30.6909033226184,114.07699884007437,1,湖北省,武汉市,东西湖区,湖北省 武汉市 东西湖区,GBIF
红耳彩龟,2019,28.3566648779712,113.2351147463432,1,湖南省,长沙市,长沙县,湖南省 长沙市 长沙县,GBIF
红耳彩龟,2019,22.15993981190928,113.56722957508072,3,澳门特别行政区,,,澳门特别行政区,GBIF
红耳彩龟,2019,26.858540807165443,117.11825782776585,1,福建省,三明市,泰宁县,福建省 三明市 泰宁县,GBIF
红耳彩龟,2019,24.447230973457188,118.36778692074434,1,福建省,泉州市,金门县,福建省 泉州市 金门县,GBIF
红耳彩龟,2019,25.61500373521305,119.38411295332706,1,福建省,福州市,福清市,福建省 福州市 福清市,GBIF
红耳彩龟,2019,22.37267792146093,114.13739429964244,64,香港特别行政区,,,香港特别行政区,GBIF
红耳彩龟,2020,31.162980006993923,121.43940435148488,1,上海市,上海市,徐汇区,上海市 徐汇区,GBIF
红耳彩龟,2020,21.73177723458284,101.45274215689176,2,云南省,西双版纳傣族自治州,勐腊县,云南省 西双版纳傣族自治州 勐腊县,GBIF
红耳彩龟,2020,23.7386601671924,120.96479657390616,59,台湾省,,,台湾省,GBIF
红耳彩龟,2020,36.06566625003413,120.36468003699656,1,山东省,青岛市,市南区,山东省 青岛市 市南区,GBIF
红耳彩龟,2020,22.93174639737353,113.88000258731022,2,广东省,东莞市,东莞市,广东省 东莞市 东莞市,GBIF
红耳彩龟,2020,22.593632942589917,114.2751004251222,1,广东省,深圳市,盐田区,广东省 深圳市 盐田区,GBIF
红耳彩龟,2020,22.54342661680557,114.04658779242284,2,广东省,深圳市,福田区,广东省 深圳市 福田区,GBIF
红耳彩龟,2020,32.05282135518315,118.56283041725608,1,江苏省,南京市,浦口区,江苏省 南京市 浦口区,GBIF
红耳彩龟,2020,28.648953841126747,121.4801591636734,1,浙江省,台州市,椒江区,浙江省 台州市 椒江区,GBIF
红耳彩龟,2020,22.37267792146093,114.13739429964244,77,香港特别行政区,,,香港特别行政区,GBIF
红耳彩龟,2021,31.162980006993923,121.43940435148488,1,上海市,上海市,徐汇区,上海市 徐汇区,GBIF
红耳彩龟,2021,31.08715896575899,121.7503353068396,3,上海市,上海市,浦东新区,上海市 浦东新区,GBIF
红耳彩龟,2021,31.27079979954178,121.45065668498964,1,上海市,上海市,静安区,上海市 静安区,GBIF
红耳彩龟,2021,21.73177723458284,101.45274215689176,1,云南省,西双版纳傣族自治州,勐腊县,云南省 西双版纳傣族自治州 勐腊县,GBIF
红耳彩龟,2021,39.83570937205291,116.25036719845195,1,北京市,北京市,丰台区,北京市 丰台区,GBIF
红耳彩龟,2021,23.7386601671924,120.96479657390616,98,台湾省,,,台湾省,GBIF
红耳彩龟,2021,30.60475980905398,104.02568775357244,1,四川省,成都市,武侯区,四川省 成都市 武侯区,GBIF
红耳彩龟,2021,31.0326462732468,103.63085219480604,1,四川省,成都市,都江堰市,四川省 成都市 都江堰市,GBIF
红耳彩龟,2021,31.867770649775917,117.06122372875144,1,安徽省,合肥市,蜀山区,安徽省 合肥市 蜀山区,GBIF
红耳彩龟,2021,36.24015528809495,119.95321908248548,1,山东省,青岛市,胶州市,山东省 青岛市 胶州市,GBIF
红耳彩龟,2021,23.081999246379624,113.32667665541176,1,广东省,广州市,海珠区,广东省 广州市 海珠区,GBIF
红耳彩龟,2021,22.97365613364083,113.40681932302805,1,广东省,广州市,番禺区,广东省 广州市 番禺区,GBIF
红耳彩龟,2021,22.54342661680557,114.04658779242284,3,广东省,深圳市,福田区,广东省 深圳市 福田区,GBIF
红耳彩龟,2021,22.214275563004684,113.60911530547328,2,广东省,珠海市,香洲区,广东省 珠海市 香洲区,GBIF
红耳彩龟,2021,22.95877511075617,108.54518301395116,1,广西壮族自治区,南宁市,兴宁区,广西壮族自治区 南宁市 兴宁区,GBIF
红耳彩龟,2021,32.15966845556967,118.95897002782178,1,江苏省,南京市,栖霞区,江苏省 南京市 栖霞区,GBIF
红耳彩龟,2021,32.06506302713147,118.842998334003,3,江苏省,南京市,玄武区,江苏省 南京市 玄武区,GBIF
红耳彩龟,2021,31.924210116291786,119.88630936928072,1,江苏省,常州市,新北区,江苏省 常州市 新北区,GBIF
红耳彩龟,2021,34.57024169489561,119.18135020683924,1,江苏省,连云港市,海州区,江苏省 连云港市 海州区,GBIF
红耳彩龟,2021,30.20096180683017,120.08341957657352,1,浙江省,杭州市,西湖区,浙江省 杭州市 西湖区,GBIF
红耳彩龟,2021,27.39484977957842,120.44768385896722,1,浙江省,温州市,苍南县,浙江省 温州市 苍南县,GBIF
红耳彩龟,2021,18.639683397281004,109.02960479573402,1,海南省,乐东黎族自治县,乐东黎族自治县,海南省 乐东黎族自治县 乐东黎族自治县,GBIF
红耳彩龟,2021,30.54476487372081,114.33971533320276,1,湖北省,武汉市,武昌区,湖北省 武汉市 武昌区,GBIF
红耳彩龟,2021,22.15993981190928,113.56722957508072,4,澳门特别行政区,,,澳门特别行政区,GBIF
红耳彩龟,2021,24.447230973457188,118.36778692074434,2,福建省,泉州市,金门县,福建省 泉州市 金门县,GBIF
红耳彩龟,2021,22.37267792146093,114.13739429964244,101,香港特别行政区,,,香港特别行政区,GBIF
红耳彩龟,2022,31.25790589853677,121.39204249947996,1,上海市,上海市,普陀区,上海市 普陀区,GBIF
红耳彩龟,2022,31.21594260789715,121.48357101237308,1,上海市,上海市,黄浦区,上海市 黄浦区,GBIF
红耳彩龟,2022,24.973730320185417,102.55696696887668,1,云南省,昆明市,西山区,云南省 昆明市 西山区,GBIF
红耳彩龟,2022,27.2069756831602,103.42047450454622,1,云南省,昭通市,鲁甸县,云南省 昭通市 鲁甸县,GBIF
红耳彩龟,2022,22.10514352375971,100.91894501697938,1,云南省,西双版纳傣族自治州,景洪市,云南省 西双版纳傣族自治州 景洪市,GBIF
红耳彩龟,2022,39.64765271300637,116.418919264899,1,北京市,北京市,大兴区,北京市 大兴区,GBIF
红耳彩龟,2022,39.95352117022552,116.51534338013552,1,北京市,北京市,朝阳区,北京市 朝阳区,GBIF
红耳彩龟,2022,23.7386601671924,120.96479657390616,164,台湾省,,,台湾省,GBIF
红耳彩龟,2022,28.968321810203182,105.4485175735563,1,四川省,泸州市,龙马潭区,四川省 泸州市 龙马潭区,GBIF
红耳彩龟,2022,31.867770649775917,117.06122372875144,4,安徽省,合肥市,蜀山区,安徽省 合肥市 蜀山区,GBIF
红耳彩龟,2022,22.97365613364083,113.40681932302805,1,广东省,广州市,番禺区,广东省 广州市 番禺区,GBIF
红耳彩龟,2022,23.289392822629097,113.32401256257135,1,广东省,广州市,白云区,广东省 广州市 白云区,GBIF
红耳彩龟,2022,23.216988505018627,113.50815198341076,1,广东省,广州市,黄埔区,广东省 广州市 黄埔区,GBIF
红耳彩龟,2022,23.347046136114745,114.2816982754256,1,广东省,惠州市,博罗县,广东省 惠州市 博罗县,GBIF
红耳彩龟,2022,22.86185777663582,114.4726848942768,1,广东省,惠州市,惠阳区,广东省 惠州市 惠阳区,GBIF
红耳彩龟,2022,22.541479061573185,113.93692963007186,2,广东省,深圳市,南山区,广东省 深圳市 南山区,GBIF
红耳彩龟,2022,22.54342661680557,114.04658779242284,5,广东省,深圳市,福田区,广东省 深圳市 福田区,GBIF
红耳彩龟,2022,22.63040438818055,114.35989497612884,1,广东省,深圳市,龙岗区,广东省 深圳市 龙岗区,GBIF
红耳彩龟,2022,22.02976363207944,113.28463561885742,1,广东省,珠海市,金湾区,广东省 珠海市 金湾区,GBIF
红耳彩龟,2022,22.214275563004684,113.60911530547328,6,广东省,珠海市,香洲区,广东省 珠海市 香洲区,GBIF
红耳彩龟,2022,31.854567580099094,118.83075355526272,1,江苏省,南京市,江宁区,江苏省 南京市 江宁区,GBIF
红耳彩龟,2022,32.05282135518315,118.56283041725608,1,江苏省,南京市,浦口区,江苏省 南京市 浦口区,GBIF
红耳彩龟,2022,32.06506302713147,118.842998334003,2,江苏省,南京市,玄武区,江苏省 南京市 玄武区,GBIF
红耳彩龟,2022,32.08221781284136,118.7607115529403,1,江苏省,南京市,鼓楼区,江苏省 南京市 鼓楼区,GBIF
红耳彩龟,2022,35.0990478494008,112.39794686878987,1,河南省,济源市,济源市,河南省 济源市 济源市,GBIF
红耳彩龟,2022,30.20096180683017,120.08341957657352,3,浙江省,杭州市,西湖区,浙江省 杭州市 西湖区,GBIF
红耳彩龟,2022,27.39484977957842,120.44768385896722,1,浙江省,温州市,苍南县,浙江省 温州市 苍南县,GBIF
红耳彩龟,2022,29.86188805971844,122.26931586338576,1,浙江省,舟山市,普陀区,浙江省 舟山市 普陀区,GBIF
红耳彩龟,2022,28.13046345361896,112.83623947699608,2,湖南省,长沙市,岳麓区,湖南省 长沙市 岳麓区,GBIF
红耳彩龟,2022,22.15993981190928,113.56722957508072,5,澳门特别行政区,,,澳门特别行政区,GBIF
红耳彩龟,2022,24.46169524033992,118.13139175692176,1,福建省,厦门市,思明区,福建省 厦门市 思明区,GBIF
红耳彩龟,2022,24.447230973457188,118.36778692074434,1,福建省,泉州市,金门县,福建省 泉州市 金门县,GBIF
红耳彩龟,2022,29.624415410376965,106.36822113531328,1,重庆市,重庆城区,沙坪坝区,重庆市 重庆城区 沙坪坝区,GBIF
红耳彩龟,2022,22.37267792146093,114.13739429964244,96,香港特别行政区,,,香港特别行政区,GBIF
红耳彩龟,2023,31.25790589853677,121.39204249947996,1,上海市,上海市,普陀区,上海市 普陀区,GBIF
红耳彩龟,2023,31.08715896575899,121.7503353068396,2,上海市,上海市,浦东新区,上海市 浦东新区,GBIF
红耳彩龟,2023,31.20739726769683,121.38096225131495,1,上海市,上海市,长宁区,上海市 长宁区,GBIF
红耳彩龟,2023,31.21594260789715,121.48357101237308,4,上海市,上海市,黄浦区,上海市 黄浦区,GBIF
红耳彩龟,2023,26.86430247652221,100.32422255995644,1,云南省,丽江市,古城区,云南省 丽江市 古城区,GBIF
红耳彩龟,2023,25.26524557673928,102.825001316694,1,云南省,昆明市,盘龙区,云南省 昆明市 盘龙区,GBIF
红耳彩龟,2023,21.73177723458284,101.45274215689176,1,云南省,西双版纳傣族自治州,勐腊县,云南省 西双版纳傣族自治州 勐腊县,GBIF
红耳彩龟,2023,22.10514352375971,100.91894501697938,1,云南省,西双版纳傣族自治州,景洪市,云南省 西双版纳傣族自治州 景洪市,GBIF
红耳彩龟,2023,40.62959273855464,116.58600192135997,2,北京市,北京市,怀柔区,北京市 怀柔区,GBIF
红耳彩龟,2023,40.02681354977087,116.23320722317207,6,北京市,北京市,海淀区,北京市 海淀区,GBIF
红耳彩龟,2023,23.7386601671924,120.96479657390616,253,台湾省,,,台湾省,GBIF
红耳彩龟,2023,31.867770649775917,117.06122372875144,1,安徽省,合肥市,蜀山区,安徽省 合肥市 蜀山区,GBIF
红耳彩龟,2023,30.89604322263248,116.21323042058488,1,安徽省,安庆市,岳西县,安徽省 安庆市 岳西县,GBIF
红耳彩龟,2023,30.595564666239117,117.90009109083483,3,安徽省,池州市,青阳县,安徽省 池州市 青阳县,GBIF
红耳彩龟,2023,36.18788548214516,120.58140118478666,1,山东省,青岛市,崂山区,山东省 青岛市 崂山区,GBIF
红耳彩龟,2023,36.06566625003413,120.36468003699656,1,山东省,青岛市,市南区,山东省 青岛市 市南区,GBIF
红耳彩龟,2023,36.185607934886086,120.42269823175631,1,山东省,青岛市,李沧区,山东省 青岛市 李沧区,GBIF
红耳彩龟,2023,22.84133170470916,113.18393132874697,2,广东省,佛山市,顺德区,广东省 佛山市 顺德区,GBIF
红耳彩龟,2023,22.745674175645085,113.5378788175765,1,广东省,广州市,南沙区,广东省 广州市 南沙区,GBIF
红耳彩龟,2023,23.13294864762576,113.28139897893487,1,广东省,广州市,越秀区,广东省 广州市 越秀区,GBIF
红耳彩龟,2023,22.54342661680557,114.04658779242284,3,广东省,深圳市,福田区,广东省 深圳市 福田区,GBIF
红耳彩龟,2023,22.57480540588968,114.14808460667636,1,广东省,深圳市,罗湖区,广东省 深圳市 罗湖区,GBIF
红耳彩龟,2023,24.363079471531243,109.46492429587704,1,广西壮族自治区,柳州市,城中区,广西壮族自治区 柳州市 城中区,GBIF
红耳彩龟,2023,31.854567580099094,118.83075355526272,1,江苏省,南京市,江宁区,江苏省 南京市 江宁区,GBIF
红耳彩龟,2023,32.06506302713147,118.842998334003,1,江苏省,南京市,玄武区,江苏省 南京市 玄武区,GBIF
红耳彩龟,2023,39.05322337087175,115.90096069463785,1,河北省,保定市,容城县,河北省 保定市 容城县,GBIF
红耳彩龟,2023,30.201318342971373,119.3427930229022,2,浙江省,杭州市,临安区,浙江省 杭州市 临安区,GBIF
红耳彩龟,2023,30.20096180683017,120.08341957657352,3,浙江省,杭州市,西湖区,浙江省 杭州市 西湖区,GBIF
红耳彩龟,2023,28.13046345361896,112.83623947699608,3,湖南省,长沙市,岳麓区,湖南省 长沙市 岳麓区,GBIF
红耳彩龟,2023,22.15993981190928,113.56722957508072,8,澳门特别行政区,,,澳门特别行政区,GBIF
红耳彩龟,2023,34.39509513960626,105.62772576740636,1,甘肃省,天水市,秦州区,甘肃省 天水市 秦州区,GBIF
红耳彩龟,2023,24.46169524033992,118.13139175692176,1,福建省,厦门市,思明区,福建省 厦门市 思明区,GBIF
红耳彩龟,2023,24.629009674360727,118.02747753230996,1,福建省,厦门市,集美区,福建省 厦门市 集美区,GBIF
红耳彩龟,2023,24.447230973457188,118.36778692074434,7,福建省,泉州市,金门县,福建省 泉州市 金门县,GBIF
红耳彩龟,2023,26.015794958867875,119.32125889211198,1,福建省,福州市,仓山区,福建省 福州市 仓山区,GBIF
红耳彩龟,2023,29.549356620315667,106.54038735037236,1,重庆市,重庆城区,渝中区,重庆市 重庆城区 渝中区,GBIF
红耳彩龟,2023,22.37267792146093,114.13739429964244,110,香港特别行政区,,,香港特别行政区,GBIF
红耳彩龟,2024,31.162980006993923,121.43940435148488,1,上海市,上海市,徐汇区,上海市 徐汇区,GBIF
红耳彩龟,2024,31.298340163433966,121.52930289134515,1,上海市,上海市,杨浦区,上海市 杨浦区,GBIF
红耳彩龟,2024,31.08715896575899,121.7503353068396,1,上海市,上海市,浦东新区,上海市 浦东新区,GBIF
红耳彩龟,2024,31.27664270804329,121.48544532838862,1,上海市,上海市,虹口区,上海市 虹口区,GBIF
红耳彩龟,2024,31.20739726769683,121.38096225131495,2,上海市,上海市,长宁区,上海市 长宁区,GBIF
红耳彩龟,2024,31.21594260789715,121.48357101237308,3,上海市,上海市,黄浦区,上海市 黄浦区,GBIF
红耳彩龟,2024,26.86430247652221,100.32422255995644,1,云南省,丽江市,古城区,云南省 丽江市 古城区,GBIF
红耳彩龟,2024,25.74238483268029,100.21069268965762,1,云南省,大理白族自治州,大理市,云南省 大理白族自治州 大理市,GBIF
红耳彩龟,2024,39.912882936117136,116.41667474305646,1,北京市,北京市,东城区,北京市 东城区,GBIF
红耳彩龟,2024,39.95352117022552,116.51534338013552,2,北京市,北京市,朝阳区,北京市 朝阳区,GBIF
红耳彩龟,2024,40.02681354977087,116.23320722317207,5,北京市,北京市,海淀区,北京市 海淀区,GBIF
红耳彩龟,2024,39.912118804111465,116.36565977141744,4,北京市,北京市,西城区,北京市 西城区,GBIF
红耳彩龟,2024,39.99399352041684,115.79170299985924,1,北京市,北京市,门头沟区,北京市 门头沟区,GBIF
红耳彩龟,2024,23.7386601671924,120.96479657390616,250,台湾省,,,台湾省,GBIF
红耳彩龟,2024,30.67956726335655,103.98133640091255,6,四川省,成都市,青羊区,四川省 成都市 青羊区,GBIF
红耳彩龟,2024,31.24388654660204,117.79660241286211,1,安徽省,芜湖市,无为市,安徽省 芜湖市 无为市,GBIF
红耳彩龟,2024,37.11817105806753,122.0045886806982,1,山东省,威海市,文登区,山东省 威海市 文登区,GBIF
红耳彩龟,2024,36.65497347269524,117.09702458433571,2,山东省,济南市,历下区,山东省 济南市 历下区,GBIF
红耳彩龟,2024,36.06566625003413,120.36468003699656,2,山东省,青岛市,市南区,山东省 青岛市 市南区,GBIF
红耳彩龟,2024,23.15980389557457,113.3762328567298,1,广东省,广州市,天河区,广东省 广州市 天河区,GBIF
红耳彩龟,2024,22.541479061573185,113.93692963007186,2,广东省,深圳市,南山区,广东省 深圳市 南山区,GBIF
红耳彩龟,2024,22.674589628871967,113.85640038333402,1,广东省,深圳市,宝安区,广东省 深圳市 宝安区,GBIF
红耳彩龟,2024,22.57480540588968,114.14808460667636,3,广东省,深圳市,罗湖区,广东省 深圳市 罗湖区,GBIF
红耳彩龟,2024,22.63040438818055,114.35989497612884,3,广东省,深圳市,龙岗区,广东省 深圳市 龙岗区,GBIF
红耳彩龟,2024,22.818875067966932,108.65476914261244,1,广西壮族自治区,南宁市,青秀区,广西壮族自治区 南宁市 青秀区,GBIF
红耳彩龟,2024,25.19826763278626,110.2805745322856,1,广西壮族自治区,桂林市,象山区,广西壮族自治区 桂林市 象山区,GBIF
红耳彩龟,2024,32.15966845556967,118.95897002782178,1,江苏省,南京市,栖霞区,江苏省 南京市 栖霞区,GBIF
红耳彩龟,2024,31.854567580099094,118.83075355526272,3,江苏省,南京市,江宁区,江苏省 南京市 江宁区,GBIF
红耳彩龟,2024,32.06506302713147,118.842998334003,2,江苏省,南京市,玄武区,江苏省 南京市 玄武区,GBIF
红耳彩龟,2024,32.08221781284136,118.7607115529403,1,江苏省,南京市,鼓楼区,江苏省 南京市 鼓楼区,GBIF
红耳彩龟,2024,31.95053721998407,120.9039722016565,3,江苏省,南通市,崇川区,江苏省 南通市 崇川区,GBIF
红耳彩龟,2024,31.50667469054256,120.42909352237744,1,江苏省,无锡市,新吴区,江苏省 无锡市 新吴区,GBIF
红耳彩龟,2024,31.580372736407195,120.29923572072268,1,江苏省,无锡市,梁溪区,江苏省 无锡市 梁溪区,GBIF
红耳彩龟,2024,28.65643416264921,115.98170906725052,1,江西省,南昌市,青山湖区,江西省 南昌市 青山湖区,GBIF
红耳彩龟,2024,36.503849147945466,114.48283607170404,1,河北省,邯郸市,邯山区,河北省 邯郸市 邯山区,GBIF
红耳彩龟,2024,29.74904445860884,121.6737041963906,2,浙江省,宁波市,鄞州区,浙江省 宁波市 鄞州区,GBIF
红耳彩龟,2024,29.9929906809058,121.61815482296896,1,浙江省,宁波市,镇海区,浙江省 宁波市 镇海区,GBIF
红耳彩龟,2024,30.28858928139291,120.219022073079,1,浙江省,杭州市,上城区,浙江省 杭州市 上城区,GBIF
红耳彩龟,2024,30.20096180683017,120.08341957657352,1,浙江省,杭州市,西湖区,浙江省 杭州市 西湖区,GBIF
红耳彩龟,2024,28.240455664069405,121.01858439874198,1,浙江省,温州市,乐清市,浙江省 温州市 乐清市,GBIF
红耳彩龟,2024,30.01108084441516,120.65120993152188,3,浙江省,绍兴市,越城区,浙江省 绍兴市 越城区,GBIF
红耳彩龟,2024,29.86188805971844,122.26931586338576,1,浙江省,舟山市,普陀区,浙江省 舟山市 普陀区,GBIF
红耳彩龟,2024,18.368406507859152,109.12508368437187,1,海南省,三亚市,崖州区,海南省 三亚市 崖州区,GBIF
红耳彩龟,2024,19.8681884395923,110.33591944156042,1,海南省,海口市,龙华区,海南省 海口市 龙华区,GBIF
红耳彩龟,2024,28.13046345361896,112.83623947699608,1,湖南省,长沙市,岳麓区,湖南省 长沙市 岳麓区,GBIF
红耳彩龟,2024,22.15993981190928,113.56722957508072,16,澳门特别行政区,,,澳门特别行政区,GBIF
红耳彩龟,2024,37.13891903012421,104.05119990086696,1,甘肃省,白银市,景泰县,甘肃省 白银市 景泰县,GBIF
红耳彩龟,2024,24.46169524033992,118.13139175692176,2,福建省,厦门市,思明区,福建省 厦门市 思明区,GBIF
红耳彩龟,2024,24.91719173334794,118.62700691750128,2,福建省,泉州市,丰泽区,福建省 泉州市 丰泽区,GBIF
红耳彩龟,2024,24.447230973457188,118.36778692074434,2,福建省,泉州市,金门县,福建省 泉州市 金门县,GBIF
红耳彩龟,2024,26.09251791817627,119.28380960629796,2,福建省,福州市,鼓楼区,福建省 福州市 鼓楼区,GBIF
红耳彩龟,2024,26.7335066861496,106.68585191265628,1,贵州省,贵阳市,白云区,贵州省 贵阳市 白云区,GBIF
红耳彩龟,2024,22.37267792146093,114.13739429964244,86,香港特别行政区,,,香港特别行政区,GBIF
红耳彩龟,2025,31.392070197057475,121.4048721439436,1,上海市,上海市,宝山区,上海市 宝山区,GBIF
红耳彩龟,2025,31.162980006993923,121.43940435148488,4,上海市,上海市,徐汇区,上海市 徐汇区,GBIF
红耳彩龟,2025,31.25790589853677,121.39204249947996,1,上海市,上海市,普陀区,上海市 普陀区,GBIF
红耳彩龟,2025,31.298340163433966,121.52930289134515,2,上海市,上海市,杨浦区,上海市 杨浦区,GBIF
红耳彩龟,2025,31.08715896575899,121.7503353068396,1,上海市,上海市,浦东新区,上海市 浦东新区,GBIF
红耳彩龟,2025,31.20739726769683,121.38096225131495,3,上海市,上海市,长宁区,上海市 长宁区,GBIF
红耳彩龟,2025,31.21594260789715,121.48357101237308,3,上海市,上海市,黄浦区,上海市 黄浦区,GBIF
红耳彩龟,2025,25.189558553208744,102.658649035696,1,云南省,昆明市,五华区,云南省 昆明市 五华区,GBIF
红耳彩龟,2025,24.86427881200733,102.85549718211084,2,云南省,昆明市,呈贡区,云南省 昆明市 呈贡区,GBIF
红耳彩龟,2025,25.05826025446868,102.88600693304276,1,云南省,昆明市,官渡区,云南省 昆明市 官渡区,GBIF
红耳彩龟,2025,25.26524557673928,102.825001316694,2,云南省,昆明市,盘龙区,云南省 昆明市 盘龙区,GBIF
红耳彩龟,2025,24.973730320185417,102.55696696887668,1,云南省,昆明市,西山区,云南省 昆明市 西山区,GBIF
红耳彩龟,2025,23.6768238018943,102.8830182025628,1,云南省,红河哈尼族彝族自治州,建水县,云南省 红河哈尼族彝族自治州 建水县,GBIF
红耳彩龟,2025,23.3316065700784,103.4867094254675,1,云南省,红河哈尼族彝族自治州,蒙自市,云南省 红河哈尼族彝族自治州 蒙自市,GBIF
红耳彩龟,2025,21.73177723458284,101.45274215689176,1,云南省,西双版纳傣族自治州,勐腊县,云南省 西双版纳傣族自治州 勐腊县,GBIF
红耳彩龟,2025,39.912882936117136,116.41667474305646,2,北京市,北京市,东城区,北京市 东城区,GBIF
红耳彩龟,2025,39.83570937205291,116.25036719845195,2,北京市,北京市,丰台区,北京市 丰台区,GBIF
红耳彩龟,2025,40.62959273855464,116.58600192135997,1,北京市,北京市,怀柔区,北京市 怀柔区,GBIF
红耳彩龟,2025,39.719041099050266,115.85399508071166,1,北京市,北京市,房山区,北京市 房山区,GBIF
红耳彩龟,2025,40.21533437746079,116.21061096686512,1,北京市,北京市,昌平区,北京市 昌平区,GBIF
红耳彩龟,2025,39.95352117022552,116.51534338013552,4,北京市,北京市,朝阳区,北京市 朝阳区,GBIF
红耳彩龟,2025,40.02681354977087,116.23320722317207,4,北京市,北京市,海淀区,北京市 海淀区,GBIF
红耳彩龟,2025,39.912118804111465,116.36565977141744,2,北京市,北京市,西城区,北京市 西城区,GBIF
红耳彩龟,2025,23.7386601671924,120.96479657390616,366,台湾省,,,台湾省,GBIF
红耳彩龟,2025,28.860793704177684,104.3496310596758,1,四川省,宜宾市,叙州区,四川省 宜宾市 叙州区,GBIF
红耳彩龟,2025,30.60475980905398,104.02568775357244,1,四川省,成都市,武侯区,四川省 成都市 武侯区,GBIF
红耳彩龟,2025,30.234204541256545,103.49150574678389,1,四川省,成都市,蒲江县,四川省 成都市 蒲江县,GBIF
红耳彩龟,2025,31.0326462732468,103.63085219480604,2,四川省,成都市,都江堰市,四川省 成都市 都江堰市,GBIF
红耳彩龟,2025,30.60116712749977,104.11510149183576,1,四川省,成都市,锦江区,四川省 成都市 锦江区,GBIF
红耳彩龟,2025,30.67956726335655,103.98133640091255,5,四川省,成都市,青羊区,四川省 成都市 青羊区,GBIF
红耳彩龟,2025,40.00318512821577,117.43492559490346,1,天津市,天津市,蓟州区,天津市 蓟州区,GBIF
红耳彩龟,2025,30.00747162260447,117.9042164959516,1,安徽省,黄山市,黟县,安徽省 黄山市 黟县,GBIF
红耳彩龟,2025,34.625613134885526,118.32315431822742,1,山东省,临沂市,郯城县,山东省 临沂市 郯城县,GBIF
红耳彩龟,2025,36.18788548214516,120.58140118478666,2,山东省,青岛市,崂山区,山东省 青岛市 崂山区,GBIF
红耳彩龟,2025,36.185607934886086,120.42269823175631,1,山东省,青岛市,李沧区,山东省 青岛市 李沧区,GBIF
红耳彩龟,2025,22.51752542481116,113.4045298350969,1,广东省,中山市,中山市,广东省 中山市 中山市,GBIF
红耳彩龟,2025,23.069051312069263,113.03545441178817,1,广东省,佛山市,南海区,广东省 佛山市 南海区,GBIF
红耳彩龟,2025,23.15980389557457,113.3762328567298,1,广东省,广州市,天河区,广东省 广州市 天河区,GBIF
红耳彩龟,2025,22.97365613364083,113.40681932302805,1,广东省,广州市,番禺区,广东省 广州市 番禺区,GBIF
红耳彩龟,2025,23.088038389909027,113.2278051546292,1,广东省,广州市,荔湾区,广东省 广州市 荔湾区,GBIF
红耳彩龟,2025,23.5039497613928,116.4497743000036,1,广东省,揭阳市,榕城区,广东省 揭阳市 榕城区,GBIF
红耳彩龟,2025,23.39062781880467,116.76062184930652,1,广东省,汕头市,龙湖区,广东省 汕头市 龙湖区,GBIF
红耳彩龟,2025,22.541479061573185,113.93692963007186,2,广东省,深圳市,南山区,广东省 深圳市 南山区,GBIF
红耳彩龟,2025,22.674589628871967,113.85640038333402,1,广东省,深圳市,宝安区,广东省 深圳市 宝安区,GBIF
红耳彩龟,2025,22.54342661680557,114.04658779242284,3,广东省,深圳市,福田区,广东省 深圳市 福田区,GBIF
红耳彩龟,2025,22.57480540588968,114.14808460667636,1,广东省,深圳市,罗湖区,广东省 深圳市 罗湖区,GBIF
红耳彩龟,2025,22.214275563004684,113.60911530547328,2,广东省,珠海市,香洲区,广东省 珠海市 香洲区,GBIF
红耳彩龟,2025,22.44136653741534,108.35447495383694,1,广西壮族自治区,南宁市,良庆区,广西壮族自治区 南宁市 良庆区,GBIF
红耳彩龟,2025,31.854567580099094,118.83075355526272,1,江苏省,南京市,江宁区,江苏省 南京市 江宁区,GBIF
红耳彩龟,2025,32.05282135518315,118.56283041725608,1,江苏省,南京市,浦口区,江苏省 南京市 浦口区,GBIF
红耳彩龟,2025,32.06506302713147,118.842998334003,1,江苏省,南京市,玄武区,江苏省 南京市 玄武区,GBIF
红耳彩龟,2025,32.012408623152794,118.81691970196192,1,江苏省,南京市,秦淮区,江苏省 南京市 秦淮区,GBIF
红耳彩龟,2025,31.83236170159891,120.3036271868192,1,江苏省,无锡市,江阴市,江苏省 无锡市 江阴市,GBIF
红耳彩龟,2025,31.160860985648128,120.3590743385982,1,江苏省,苏州市,吴中区,江苏省 苏州市 吴中区,GBIF
红耳彩龟,2025,31.31774844665517,120.59797696483736,1,江苏省,苏州市,姑苏区,江苏省 苏州市 姑苏区,GBIF
红耳彩龟,2025,34.57024169489561,119.18135020683924,1,江苏省,连云港市,海州区,江苏省 连云港市 海州区,GBIF
红耳彩龟,2025,32.18014663013222,119.64710388059464,1,江苏省,镇江市,京口区,江苏省 镇江市 京口区,GBIF
红耳彩龟,2025,31.92606861914337,119.20063465173791,1,江苏省,镇江市,句容市,江苏省 镇江市 句容市,GBIF
红耳彩龟,2025,28.65643416264921,115.98170906725052,3,江西省,南昌市,青山湖区,江西省 南昌市 青山湖区,GBIF
红耳彩龟,2025,30.89951747769026,120.90231603802168,1,浙江省,嘉兴市,嘉善县,浙江省 嘉兴市 嘉善县,GBIF
红耳彩龟,2025,30.201318342971373,119.3427930229022,4,浙江省,杭州市,临安区,浙江省 杭州市 临安区,GBIF
红耳彩龟,2025,30.20096180683017,120.08341957657352,6,浙江省,杭州市,西湖区,浙江省 杭州市 西湖区,GBIF
红耳彩龟,2025,29.40805612199742,120.96926470598132,1,浙江省,绍兴市,新昌县,浙江省 绍兴市 新昌县,GBIF
红耳彩龟,2025,30.059696723243665,122.062702094905,1,浙江省,舟山市,定海区,浙江省 舟山市 定海区,GBIF
红耳彩龟,2025,29.86188805971844,122.26931586338576,6,浙江省,舟山市,普陀区,浙江省 舟山市 普陀区,GBIF
红耳彩龟,2025,18.368406507859152,109.12508368437187,4,海南省,三亚市,崖州区,海南省 三亚市 崖州区,GBIF
红耳彩龟,2025,19.907278042869024,110.22924746939891,2,海南省,海口市,秀英区,海南省 海口市 秀英区,GBIF
红耳彩龟,2025,19.95845338633753,110.51742667945966,1,海南省,海口市,美兰区,海南省 海口市 美兰区,GBIF
红耳彩龟,2025,28.13046345361896,112.83623947699608,1,湖南省,长沙市,岳麓区,湖南省 长沙市 岳麓区,GBIF
红耳彩龟,2025,22.15993981190928,113.56722957508072,51,澳门特别行政区,,,澳门特别行政区,GBIF
红耳彩龟,2025,26.858540807165443,117.11825782776585,1,福建省,三明市,泰宁县,福建省 三明市 泰宁县,GBIF
红耳彩龟,2025,24.46169524033992,118.13139175692176,2,福建省,厦门市,思明区,福建省 厦门市 思明区,GBIF
红耳彩龟,2025,24.64231796075624,118.27260386391764,1,福建省,厦门市,翔安区,福建省 厦门市 翔安区,GBIF
红耳彩龟,2025,24.91719173334794,118.62700691750128,1,福建省,泉州市,丰泽区,福建省 泉州市 丰泽区,GBIF
红耳彩龟,2025,24.447230973457188,118.36778692074434,2,福建省,泉州市,金门县,福建省 泉州市 金门县,GBIF
红耳彩龟,2025,25.61500373521305,119.38411295332706,2,福建省,福州市,福清市,福建省 福州市 福清市,GBIF
红耳彩龟,2025,26.303125427655004,119.59130361485973,1,福建省,福州市,连江县,福建省 福州市 连江县,GBIF
红耳彩龟,2025,28.719283457877527,95.00197454835524,1,西藏自治区,林芝市,墨脱县,西藏自治区 林芝市 墨脱县,GBIF
红耳彩龟,2025,26.5432553664777,106.78220086276716,1,贵州省,贵阳市,南明区,贵州省 贵阳市 南明区,GBIF
红耳彩龟,2025,41.94196394274874,123.90788156069368,1,辽宁省,抚顺市,顺城区,辽宁省 抚顺市 顺城区,GBIF
红耳彩龟,2025,41.89767882517343,123.25757716807344,1,辽宁省,沈阳市,于洪区,辽宁省 沈阳市 于洪区,GBIF
红耳彩龟,2025,22.37267792146093,114.13739429964244,125,香港特别行政区,,,香港特别行政区,GBIF
红耳彩龟,2026,31.392070197057475,121.4048721439436,1,上海市,上海市,宝山区,上海市 宝山区,GBIF
红耳彩龟,2026,26.48485754886903,100.69890631473424,1,云南省,丽江市,永胜县,云南省 丽江市 永胜县,GBIF
红耳彩龟,2026,21.73177723458284,101.45274215689176,2,云南省,西双版纳傣族自治州,勐腊县,云南省 西双版纳傣族自治州 勐腊县,GBIF
红耳彩龟,2026,40.02681354977087,116.23320722317207,1,北京市,北京市,海淀区,北京市 海淀区,GBIF
红耳彩龟,2026,23.7386601671924,120.96479657390616,39,台湾省,,,台湾省,GBIF
红耳彩龟,2026,29.60670052875726,103.79143416660128,4,四川省,乐山市,市中区,四川省 乐山市 市中区,GBIF
红耳彩龟,2026,30.60475980905398,104.02568775357244,1,四川省,成都市,武侯区,四川省 成都市 武侯区,GBIF
红耳彩龟,2026,30.67956726335655,103.98133640091255,2,四川省,成都市,青羊区,四川省 成都市 青羊区,GBIF
红耳彩龟,2026,22.51752542481116,113.4045298350969,1,广东省,中山市,中山市,广东省 中山市 中山市,GBIF
红耳彩龟,2026,23.15980389557457,113.3762328567298,1,广东省,广州市,天河区,广东省 广州市 天河区,GBIF
红耳彩龟,2026,23.081999246379624,113.32667665541176,2,广东省,广州市,海珠区,广东省 广州市 海珠区,GBIF
红耳彩龟,2026,23.289392822629097,113.32401256257135,1,广东省,广州市,白云区,广东省 广州市 白云区,GBIF
红耳彩龟,2026,22.38141877811061,113.0291877524552,1,广东省,江门市,新会区,广东省 江门市 新会区,GBIF
红耳彩龟,2026,22.674589628871967,113.85640038333402,1,广东省,深圳市,宝安区,广东省 深圳市 宝安区,GBIF
红耳彩龟,2026,22.54342661680557,114.04658779242284,2,广东省,深圳市,福田区,广东省 深圳市 福田区,GBIF
红耳彩龟,2026,23.907437390846056,112.82909965253032,1,广东省,清远市,清新区,广东省 清远市 清新区,GBIF
红耳彩龟,2026,24.33068122117014,111.77682162751674,1,广西壮族自治区,贺州市,八步区,广西壮族自治区 贺州市 八步区,GBIF
红耳彩龟,2026,19.95845338633753,110.51742667945966,1,海南省,海口市,美兰区,海南省 海口市 美兰区,GBIF
红耳彩龟,2026,22.15993981190928,113.56722957508072,3,澳门特别行政区,,,澳门特别行政区,GBIF
红耳彩龟,2026,25.01034692391636,118.38209340128194,1,福建省,泉州市,南安市,福建省 泉州市 南安市,GBIF
红耳彩龟,2026,24.447230973457188,118.36778692074434,2,福建省,泉州市,金门县,福建省 泉州市 金门县,GBIF
红耳彩龟,2026,26.219728444432167,119.30759342469104,1,福建省,福州市,晋安区,福建省 福州市 晋安区,GBIF
红耳彩龟,2026,26.303125427655004,119.59130361485973,1,福建省,福州市,连江县,福建省 福州市 连江县,GBIF
红耳彩龟,2026,22.37267792146093,114.13739429964244,26,香港特别行政区,,,香港特别行政区,GBIF
红耳彩龟,,31.21078225224992,121.48904433261578,1,上海市,,,上海市,Triplets
红耳彩龟,,24.97231308028129,101.48812245314876,1,云南省,,,云南省,Triplets
红耳彩龟,,44.199198183617455,119.27047576457277,1,内蒙古自治区,赤峰市,巴林左旗,内蒙古自治区 赤峰市 巴林左旗,Triplets
红耳彩龟,,40.18698478637371,116.41892401824192,1,北京市,,,北京市,Triplets
红耳彩龟,,23.7386601671924,120.96479657390616,2,台湾省,,,台湾省,Triplets
红耳彩龟,,36.36196535534078,118.18286398987608,1,山东省,,,山东省,Triplets
红耳彩龟,,37.57205734892331,112.29532300973166,1,山西省,,,山西省,Triplets
红耳彩龟,,23.304812771431603,113.41790595544724,1,广东省,,,广东省,Triplets
红耳彩龟,,32.96486132153154,119.49340941670576,1,江苏省,,,江苏省,Triplets
红耳彩龟,,33.881426589317435,113.6200303531498,1,河南省,,,河南省,Triplets
红耳彩龟,,29.89740204472442,119.47505765865164,1,浙江省,杭州市,,浙江省 杭州市,Triplets
红耳彩龟,,29.18236217312296,120.144261266752,1,浙江省,,,浙江省,Triplets
红耳彩龟,,17.881890269508578,110.29700571561348,1,海南省,,,海南省,Triplets
红耳彩龟,,30.973896659164577,112.27555047569828,1,湖北省,,,湖北省,Triplets
红耳彩龟,,27.60668273712699,111.71415132730344,1,湖南省,,,湖南省,Triplets
红耳彩龟,,37.88033994762797,100.60822817915783,1,甘肃省,,,甘肃省,Triplets
红耳彩龟,,26.051721973543824,118.00962802932943,1,福建省,,,福建省,Triplets
红耳彩龟,,31.489022417428156,88.44350291245746,1,西藏自治区,,,西藏自治区,Triplets
红耳彩龟,,41.27748726702939,122.60074202098131,1,辽宁省,,,辽宁省,Triplets
美洲牛蛙,1924,23.7386601671924,120.96479657390616,1,台湾省,,,台湾省,Triplets
美洲牛蛙,1959,31.21078225224992,121.48904433261578,1,上海市,,,上海市,Triplets
美洲牛蛙,1959,24.97231308028129,101.48812245314876,1,云南省,,,云南省,Triplets
美洲牛蛙,1959,40.18698478637371,116.41892401824192,1,北京市,,,北京市,Triplets
美洲牛蛙,1959,30.626543552548597,102.6951114402608,1,四川省,,,四川省,Triplets
美洲牛蛙,1959,39.284685848844944,117.34731364879256,1,天津市,,,天津市,Triplets
美洲牛蛙,1959,22.51752542481116,113.4045298350969,1,广东省,中山市,,广东省 中山市,Triplets
美洲牛蛙,1959,23.33203520960601,113.54345463186124,1,广东省,广州市,,广东省 广州市,Triplets
美洲牛蛙,1959,21.07282899361278,110.1693011519212,1,广东省,湛江市,,广东省 湛江市,Triplets
美洲牛蛙,1959,31.925232571888543,118.8479846175208,1,江苏省,南京市,,江苏省 南京市,Triplets
美洲牛蛙,1959,29.72778706869243,121.48336208357286,1,浙江省,宁波市,,浙江省 宁波市,Triplets
美洲牛蛙,1959,29.89740204472442,119.47505765865164,1,浙江省,杭州市,,浙江省 杭州市,Triplets
美洲牛蛙,1959,37.88033994762797,100.60822817915783,1,甘肃省,,,甘肃省,Triplets
美洲牛蛙,1959,24.65871785020035,118.12584842221392,1,福建省,厦门市,,福建省 厦门市,Triplets
美洲牛蛙,1959,26.04465009082403,119.20674701797596,1,福建省,福州市,,福建省 福州市,Triplets
美洲牛蛙,1992,27.858142815545627,102.13647417088436,1,四川省,凉山彝族自治州,西昌市,四川省 凉山彝族自治州 西昌市,GBIF
美洲牛蛙,1994,31.27079979954178,121.45065668498964,1,上海市,上海市,静安区,上海市 静安区,GBIF
美洲牛蛙,2000,23.7386601671924,120.96479657390616,1,台湾省,,,台湾省,GBIF
美洲牛蛙,2000,23.433238210068374,117.06250398136272,1,广东省,汕头市,南澳县,广东省 汕头市 南澳县,GBIF
美洲牛蛙,2005,23.7386601671924,120.96479657390616,2,台湾省,,,台湾省,GBIF
美洲牛蛙,2006,24.973730320185417,102.55696696887668,1,云南省,昆明市,西山区,云南省 昆明市 西山区,GBIF
美洲牛蛙,2006,23.7386601671924,120.96479657390616,2,台湾省,,,台湾省,GBIF
美洲牛蛙,2009,23.7386601671924,120.96479657390616,1,台湾省,,,台湾省,GBIF
美洲牛蛙,2010,23.7386601671924,120.96479657390616,2,台湾省,,,台湾省,GBIF
美洲牛蛙,2011,23.7386601671924,120.96479657390616,4,台湾省,,,台湾省,GBIF
美洲牛蛙,2012,23.7386601671924,120.96479657390616,1,台湾省,,,台湾省,GBIF
美洲牛蛙,2012,37.27314740642859,121.57455576688082,1,山东省,烟台市,牟平区,山东省 烟台市 牟平区,GBIF
美洲牛蛙,2013,25.189558553208744,102.658649035696,1,云南省,昆明市,五华区,云南省 昆明市 五华区,GBIF
美洲牛蛙,2013,23.7386601671924,120.96479657390616,10,台湾省,,,台湾省,GBIF
美洲牛蛙,2014,23.7386601671924,120.96479657390616,13,台湾省,,,台湾省,GBIF
美洲牛蛙,2015,31.21594260789715,121.48357101237308,1,上海市,上海市,黄浦区,上海市 黄浦区,GBIF
美洲牛蛙,2015,23.7386601671924,120.96479657390616,7,台湾省,,,台湾省,GBIF
美洲牛蛙,2016,25.189558553208744,102.658649035696,1,云南省,昆明市,五华区,云南省 昆明市 五华区,GBIF
美洲牛蛙,2016,23.7386601671924,120.96479657390616,9,台湾省,,,台湾省,GBIF
美洲牛蛙,2016,27.858142815545627,102.13647417088436,1,四川省,凉山彝族自治州,西昌市,四川省 凉山彝族自治州 西昌市,GBIF
美洲牛蛙,2017,23.7386601671924,120.96479657390616,8,台湾省,,,台湾省,GBIF
美洲牛蛙,2017,30.67956726335655,103.98133640091255,1,四川省,成都市,青羊区,四川省 成都市 青羊区,GBIF
美洲牛蛙,2017,37.71857040653574,115.66335484284735,1,河北省,衡水市,桃城区,河北省 衡水市 桃城区,GBIF
美洲牛蛙,2018,25.27171710127841,98.49543396340404,1,云南省,保山市,腾冲市,云南省 保山市 腾冲市,GBIF
美洲牛蛙,2018,40.02681354977087,116.23320722317207,1,北京市,北京市,海淀区,北京市 海淀区,GBIF
美洲牛蛙,2018,23.7386601671924,120.96479657390616,11,台湾省,,,台湾省,GBIF
美洲牛蛙,2018,29.500879293701534,103.39346982078396,1,四川省,乐山市,峨眉山市,四川省 乐山市 峨眉山市,GBIF
美洲牛蛙,2019,25.74238483268029,100.21069268965762,1,云南省,大理白族自治州,大理市,云南省 大理白族自治州 大理市,GBIF
美洲牛蛙,2019,39.95352117022552,116.51534338013552,1,北京市,北京市,朝阳区,北京市 朝阳区,GBIF
美洲牛蛙,2019,23.7386601671924,120.96479657390616,3,台湾省,,,台湾省,GBIF
美洲牛蛙,2019,30.60475980905398,104.02568775357244,2,四川省,成都市,武侯区,四川省 成都市 武侯区,GBIF
美洲牛蛙,2019,22.541479061573185,113.93692963007186,1,广东省,深圳市,南山区,广东省 深圳市 南山区,GBIF
美洲牛蛙,2019,22.54342661680557,114.04658779242284,1,广东省,深圳市,福田区,广东省 深圳市 福田区,GBIF
美洲牛蛙,2019,39.34541043568767,116.28442327783571,1,河北省,廊坊市,固安县,河北省 廊坊市 固安县,GBIF
美洲牛蛙,2019,41.859567381069446,123.42562488699213,1,辽宁省,沈阳市,皇姑区,辽宁省 沈阳市 皇姑区,GBIF
美洲牛蛙,2020,31.162980006993923,121.43940435148488,1,上海市,上海市,徐汇区,上海市 徐汇区,GBIF
美洲牛蛙,2020,25.189558553208744,102.658649035696,1,云南省,昆明市,五华区,云南省 昆明市 五华区,GBIF
美洲牛蛙,2020,23.7386601671924,120.96479657390616,9,台湾省,,,台湾省,GBIF
美洲牛蛙,2020,22.541479061573185,113.93692963007186,1,广东省,深圳市,南山区,广东省 深圳市 南山区,GBIF
美洲牛蛙,2020,22.54342661680557,114.04658779242284,2,广东省,深圳市,福田区,广东省 深圳市 福田区,GBIF
美洲牛蛙,2021,24.86427881200733,102.85549718211084,2,云南省,昆明市,呈贡区,云南省 昆明市 呈贡区,GBIF
美洲牛蛙,2021,39.95352117022552,116.51534338013552,1,北京市,北京市,朝阳区,北京市 朝阳区,GBIF
美洲牛蛙,2021,23.7386601671924,120.96479657390616,7,台湾省,,,台湾省,GBIF
美洲牛蛙,2021,30.60475980905398,104.02568775357244,1,四川省,成都市,武侯区,四川省 成都市 武侯区,GBIF
美洲牛蛙,2021,30.67956726335655,103.98133640091255,1,四川省,成都市,青羊区,四川省 成都市 青羊区,GBIF
美洲牛蛙,2021,32.656640606914955,116.25834834358344,1,安徽省,阜阳市,颍上县,安徽省 阜阳市 颍上县,GBIF
美洲牛蛙,2021,22.63040438818055,114.35989497612884,1,广东省,深圳市,龙岗区,广东省 深圳市 龙岗区,GBIF
美洲牛蛙,2021,32.06506302713147,118.842998334003,1,江苏省,南京市,玄武区,江苏省 南京市 玄武区,GBIF
美洲牛蛙,2021,26.64357375130158,106.55377331876343,1,贵州省,贵阳市,观山湖区,贵州省 贵阳市 观山湖区,GBIF
美洲牛蛙,2022,25.870266257313705,100.620603960668,1,云南省,大理白族自治州,宾川县,云南省 大理白族自治州 宾川县,GBIF
美洲牛蛙,2022,24.86427881200733,102.85549718211084,2,云南省,昆明市,呈贡区,云南省 昆明市 呈贡区,GBIF
美洲牛蛙,2022,40.21533437746079,116.21061096686512,1,北京市,北京市,昌平区,北京市 昌平区,GBIF
美洲牛蛙,2022,23.7386601671924,120.96479657390616,1,台湾省,,,台湾省,GBIF
美洲牛蛙,2022,36.605874527519696,117.18422256378996,1,山东省,济南市,历城区,山东省 济南市 历城区,GBIF
美洲牛蛙,2022,22.541479061573185,113.93692963007186,1,广东省,深圳市,南山区,广东省 深圳市 南山区,GBIF
美洲牛蛙,2022,22.54342661680557,114.04658779242284,1,广东省,深圳市,福田区,广东省 深圳市 福田区,GBIF
美洲牛蛙,2022,31.854567580099094,118.83075355526272,1,江苏省,南京市,江宁区,江苏省 南京市 江宁区,GBIF
美洲牛蛙,2022,32.06506302713147,118.842998334003,2,江苏省,南京市,玄武区,江苏省 南京市 玄武区,GBIF
美洲牛蛙,2022,33.22958247948671,118.82222764131797,1,江苏省,淮安市,洪泽区,江苏省 淮安市 洪泽区,GBIF
美洲牛蛙,2022,33.497126282978456,119.2960235055676,1,江苏省,淮安市,淮安区,江苏省 淮安市 淮安区,GBIF
美洲牛蛙,2022,32.9654090441209,118.53023680116324,1,江苏省,淮安市,盱眙县,江苏省 淮安市 盱眙县,GBIF
美洲牛蛙,2022,33.01288236142126,119.14316941754905,2,江苏省,淮安市,金湖县,江苏省 淮安市 金湖县,GBIF
美洲牛蛙,2022,34.17001413086171,119.44096746515626,2,江苏省,连云港市,灌南县,江苏省 连云港市 灌南县,GBIF
美洲牛蛙,2022,32.130258967396536,115.7036104730568,1,河南省,信阳市,固始县,河南省 信阳市 固始县,GBIF
美洲牛蛙,2023,25.74238483268029,100.21069268965762,1,云南省,大理白族自治州,大理市,云南省 大理白族自治州 大理市,GBIF
美洲牛蛙,2023,24.86427881200733,102.85549718211084,3,云南省,昆明市,呈贡区,云南省 昆明市 呈贡区,GBIF
美洲牛蛙,2023,39.95352117022552,116.51534338013552,1,北京市,北京市,朝阳区,北京市 朝阳区,GBIF
美洲牛蛙,2023,23.7386601671924,120.96479657390616,3,台湾省,,,台湾省,GBIF
美洲牛蛙,2023,31.867770649775917,117.06122372875144,1,安徽省,合肥市,蜀山区,安徽省 合肥市 蜀山区,GBIF
美洲牛蛙,2023,32.787327334235215,117.6043617669059,1,安徽省,滁州市,凤阳县,安徽省 滁州市 凤阳县,GBIF
美洲牛蛙,2023,32.468096210985934,117.65832496333084,1,安徽省,滁州市,定远县,安徽省 滁州市 定远县,GBIF
美洲牛蛙,2023,37.37756049672936,122.1141590993976,1,山东省,威海市,环翠区,山东省 威海市 环翠区,GBIF
美洲牛蛙,2023,22.93174639737353,113.88000258731022,1,广东省,东莞市,东莞市,广东省 东莞市 东莞市,GBIF
美洲牛蛙,2023,31.75998418374977,115.3682160582758,4,河南省,信阳市,商城县,河南省 信阳市 商城县,GBIF
美洲牛蛙,2023,32.130258967396536,115.7036104730568,3,河南省,信阳市,固始县,河南省 信阳市 固始县,GBIF
美洲牛蛙,2023,30.201318342971373,119.3427930229022,1,浙江省,杭州市,临安区,浙江省 杭州市 临安区,GBIF
美洲牛蛙,2023,29.86188805971844,122.26931586338576,2,浙江省,舟山市,普陀区,浙江省 舟山市 普陀区,GBIF
美洲牛蛙,2023,28.977008071479748,119.51022252521416,1,浙江省,金华市,婺城区,浙江省 金华市 婺城区,GBIF
美洲牛蛙,2023,26.584582821270462,118.24764408059106,1,福建省,南平市,延平区,福建省 南平市 延平区,GBIF
美洲牛蛙,2023,28.719283457877527,95.00197454835524,1,西藏自治区,林芝市,墨脱县,西藏自治区 林芝市 墨脱县,Triplets
美洲牛蛙,2024,25.189558553208744,102.658649035696,1,云南省,昆明市,五华区,云南省 昆明市 五华区,GBIF
美洲牛蛙,2024,24.86427881200733,102.85549718211084,3,云南省,昆明市,呈贡区,云南省 昆明市 呈贡区,GBIF
美洲牛蛙,2024,25.26524557673928,102.825001316694,1,云南省,昆明市,盘龙区,云南省 昆明市 盘龙区,GBIF
美洲牛蛙,2024,25.179216094695565,102.01937857829944,1,云南省,楚雄彝族自治州,禄丰市,云南省 楚雄彝族自治州 禄丰市,GBIF
美洲牛蛙,2024,39.95352117022552,116.51534338013552,3,北京市,北京市,朝阳区,北京市 朝阳区,GBIF
美洲牛蛙,2024,40.02681354977087,116.23320722317207,1,北京市,北京市,海淀区,北京市 海淀区,GBIF
美洲牛蛙,2024,23.7386601671924,120.96479657390616,5,台湾省,,,台湾省,GBIF
美洲牛蛙,2024,30.83326919972393,103.87783832572576,5,四川省,成都市,郫都区,四川省 成都市 郫都区,GBIF
美洲牛蛙,2024,31.41761299050136,104.6840102821869,1,四川省,绵阳市,涪城区,四川省 绵阳市 涪城区,GBIF
美洲牛蛙,2024,39.10890940065142,117.15509008147556,1,天津市,天津市,南开区,天津市 南开区,GBIF
美洲牛蛙,2024,31.47313998936436,115.7725109170474,1,安徽省,六安市,金寨县,安徽省 六安市 金寨县,GBIF
美洲牛蛙,2024,37.11561616745863,122.40448062739002,2,山东省,威海市,荣成市,山东省 威海市 荣成市,GBIF
美洲牛蛙,2024,36.18788548214516,120.58140118478666,3,山东省,青岛市,崂山区,山东省 青岛市 崂山区,GBIF
美洲牛蛙,2024,36.06566625003413,120.36468003699656,2,山东省,青岛市,市南区,山东省 青岛市 市南区,GBIF
美洲牛蛙,2024,22.822311707693924,112.6646754206046,1,广东省,佛山市,高明区,广东省 佛山市 高明区,GBIF
美洲牛蛙,2024,23.289392822629097,113.32401256257135,1,广东省,广州市,白云区,广东省 广州市 白云区,GBIF
美洲牛蛙,2024,22.95877511075617,108.54518301395116,1,广西壮族自治区,南宁市,兴宁区,广西壮族自治区 南宁市 兴宁区,GBIF
美洲牛蛙,2024,32.9654090441209,118.53023680116324,1,江苏省,淮安市,盱眙县,江苏省 淮安市 盱眙县,GBIF
美洲牛蛙,2024,30.059696723243665,122.062702094905,2,浙江省,舟山市,定海区,浙江省 舟山市 定海区,GBIF
美洲牛蛙,2024,30.317683746816066,122.23806986352773,7,浙江省,舟山市,岱山县,浙江省 舟山市 岱山县,GBIF
美洲牛蛙,2024,29.86188805971844,122.26931586338576,9,浙江省,舟山市,普陀区,浙江省 舟山市 普陀区,GBIF
美洲牛蛙,2024,26.37446513635249,113.84414386422806,2,湖南省,株洲市,炎陵县,湖南省 株洲市 炎陵县,GBIF
美洲牛蛙,2024,24.46169524033992,118.13139175692176,2,福建省,厦门市,思明区,福建省 厦门市 思明区,GBIF
美洲牛蛙,2024,26.219728444432167,119.30759342469104,1,福建省,福州市,晋安区,福建省 福州市 晋安区,GBIF
美洲牛蛙,2024,34.26987489988769,108.90156589423898,1,陕西省,西安市,莲湖区,陕西省 西安市 莲湖区,GBIF
美洲牛蛙,2024,22.37267792146093,114.13739429964244,1,香港特别行政区,,,香港特别行政区,GBIF
美洲牛蛙,2025,31.162980006993923,121.43940435148488,1,上海市,上海市,徐汇区,上海市 徐汇区,GBIF
美洲牛蛙,2025,31.20739726769683,121.38096225131495,1,上海市,上海市,长宁区,上海市 长宁区,GBIF
美洲牛蛙,2025,26.33104511532556,100.27126816402424,1,云南省,大理白族自治州,鹤庆县,云南省 大理白族自治州 鹤庆县,GBIF
美洲牛蛙,2025,25.189558553208744,102.658649035696,1,云南省,昆明市,五华区,云南省 昆明市 五华区,GBIF
美洲牛蛙,2025,25.29512235889356,103.0965593285036,1,云南省,昆明市,嵩明县,云南省 昆明市 嵩明县,GBIF
美洲牛蛙,2025,24.973730320185417,102.55696696887668,1,云南省,昆明市,西山区,云南省 昆明市 西山区,GBIF
美洲牛蛙,2025,24.87383868634437,101.32181984470029,3,云南省,楚雄彝族自治州,楚雄市,云南省 楚雄彝族自治州 楚雄市,GBIF
美洲牛蛙,2025,39.83570937205291,116.25036719845195,5,北京市,北京市,丰台区,北京市 丰台区,GBIF
美洲牛蛙,2025,39.912118804111465,116.36565977141744,1,北京市,北京市,西城区,北京市 西城区,GBIF
美洲牛蛙,2025,23.7386601671924,120.96479657390616,2,台湾省,,,台湾省,GBIF
美洲牛蛙,2025,30.688563288847323,104.1437145117814,2,四川省,成都市,成华区,四川省 成都市 成华区,GBIF
美洲牛蛙,2025,30.60475980905398,104.02568775357244,1,四川省,成都市,武侯区,四川省 成都市 武侯区,GBIF
美洲牛蛙,2025,31.0326462732468,103.63085219480604,2,四川省,成都市,都江堰市,四川省 成都市 都江堰市,GBIF
美洲牛蛙,2025,30.67956726335655,103.98133640091255,1,四川省,成都市,青羊区,四川省 成都市 青羊区,GBIF
美洲牛蛙,2025,37.27314740642859,121.57455576688082,2,山东省,烟台市,牟平区,山东省 烟台市 牟平区,GBIF
美洲牛蛙,2025,37.48425307905695,121.13993592588942,1,山东省,烟台市,福山区,山东省 烟台市 福山区,GBIF
美洲牛蛙,2025,23.069051312069263,113.03545441178817,1,广东省,佛山市,南海区,广东省 佛山市 南海区,GBIF
美洲牛蛙,2025,22.541479061573185,113.93692963007186,1,广东省,深圳市,南山区,广东省 深圳市 南山区,GBIF
美洲牛蛙,2025,22.54342661680557,114.04658779242284,1,广东省,深圳市,福田区,广东省 深圳市 福田区,GBIF
美洲牛蛙,2025,22.63040438818055,114.35989497612884,1,广东省,深圳市,龙岗区,广东省 深圳市 龙岗区,GBIF
美洲牛蛙,2025,32.009376765627366,118.7104051760245,1,江苏省,南京市,建邺区,江苏省 南京市 建邺区,GBIF
美洲牛蛙,2025,32.15966845556967,118.95897002782178,1,江苏省,南京市,栖霞区,江苏省 南京市 栖霞区,GBIF
美洲牛蛙,2025,31.59052732160796,119.03241906101644,1,江苏省,南京市,溧水区,江苏省 南京市 溧水区,GBIF
美洲牛蛙,2025,32.012408623152794,118.81691970196192,1,江苏省,南京市,秦淮区,江苏省 南京市 秦淮区,GBIF
美洲牛蛙,2025,31.938072367262723,118.69466219987484,1,江苏省,南京市,雨花台区,江苏省 南京市 雨花台区,GBIF
美洲牛蛙,2025,32.02475919387573,114.43639122647564,1,河南省,信阳市,罗山县,河南省 信阳市 罗山县,GBIF
美洲牛蛙,2025,28.84649204504445,121.2360471490002,1,浙江省,台州市,临海市,浙江省 台州市 临海市,GBIF
美洲牛蛙,2025,30.20096180683017,120.08341957657352,1,浙江省,杭州市,西湖区,浙江省 杭州市 西湖区,GBIF
美洲牛蛙,2025,27.96653753353789,120.5513449261373,1,浙江省,温州市,瓯海区,浙江省 温州市 瓯海区,GBIF
美洲牛蛙,2025,30.059696723243665,122.062702094905,1,浙江省,舟山市,定海区,浙江省 舟山市 定海区,GBIF
美洲牛蛙,2025,29.86188805971844,122.26931586338576,2,浙江省,舟山市,普陀区,浙江省 舟山市 普陀区,GBIF
美洲牛蛙,2025,19.95845338633753,110.51742667945966,1,海南省,海口市,美兰区,海南省 海口市 美兰区,GBIF
美洲牛蛙,2025,30.54476487372081,114.33971533320276,1,湖北省,武汉市,武昌区,湖北省 武汉市 武昌区,GBIF
美洲牛蛙,2025,30.534800255979743,114.43278567631812,2,湖北省,武汉市,洪山区,湖北省 武汉市 洪山区,GBIF
美洲牛蛙,2025,30.336326383907444,112.76254425710056,1,湖北省,潜江市,潜江市,湖北省 潜江市 潜江市,GBIF
美洲牛蛙,2025,26.015794958867875,119.32125889211198,1,福建省,福州市,仓山区,福建省 福州市 仓山区,GBIF
美洲牛蛙,2025,29.660568767266195,91.16191261271476,1,西藏自治区,拉萨市,城关区,西藏自治区 拉萨市 城关区,GBIF
美洲牛蛙,2025,28.719283457877527,95.00197454835524,1,西藏自治区,林芝市,墨脱县,西藏自治区 林芝市 墨脱县,GBIF
美洲牛蛙,2025,22.37267792146093,114.13739429964244,1,香港特别行政区,,,香港特别行政区,GBIF
美洲牛蛙,2026,23.7386601671924,120.96479657390616,1,台湾省,,,台湾省,GBIF
美洲牛蛙,2026,31.53036119162014,104.91553742624252,1,四川省,绵阳市,游仙区,四川省 绵阳市 游仙区,GBIF
美洲牛蛙,2026,22.541479061573185,113.93692963007186,1,广东省,深圳市,南山区,广东省 深圳市 南山区,GBIF
美洲牛蛙,,22.64248069936475,114.1418629784136,1,广东省,深圳市,,广东省 深圳市,Triplets
豹纹翼甲鲶,1990,23.304812771431603,113.41790595544724,1,广东省,,,广东省,Triplets
豹纹翼甲鲶,2012,23.7386601671924,120.96479657390616,11,台湾省,,,台湾省,GBIF
豹纹翼甲鲶,2013,23.7386601671924,120.96479657390616,8,台湾省,,,台湾省,GBIF
豹纹翼甲鲶,2014,23.7386601671924,120.96479657390616,8,台湾省,,,台湾省,GBIF
豹纹翼甲鲶,2015,23.7386601671924,120.96479657390616,11,台湾省,,,台湾省,GBIF
豹纹翼甲鲶,2016,23.7386601671924,120.96479657390616,4,台湾省,,,台湾省,GBIF
豹纹翼甲鲶,2019,23.7386601671924,120.96479657390616,4,台湾省,,,台湾省,GBIF
豹纹翼甲鲶,2020,23.7386601671924,120.96479657390616,3,台湾省,,,台湾省,GBIF
豹纹翼甲鲶,2021,23.7386601671924,120.96479657390616,10,台湾省,,,台湾省,GBIF
豹纹翼甲鲶,2022,23.7386601671924,120.96479657390616,49,台湾省,,,台湾省,GBIF
豹纹翼甲鲶,2023,23.7386601671924,120.96479657390616,30,台湾省,,,台湾省,GBIF
豹纹翼甲鲶,2025,23.7386601671924,120.96479657390616,1,台湾省,,,台湾省,GBIF
豹纹翼甲鲶,,23.7386601671924,120.96479657390616,1,台湾省,,,台湾省,Triplets
非洲大蜗牛,1931,24.65871785020035,118.12584842221392,1,福建省,厦门市,,福建省 厦门市,Triplets
非洲大蜗牛,1967,22.37267792146093,114.13739429964244,1,香港特别行政区,,,香港特别行政区,GBIF
非洲大蜗牛,1970,23.7386601671924,120.96479657390616,1,台湾省,,,台湾省,GBIF
非洲大蜗牛,2001,23.703920718597043,105.74410649314528,1,云南省,文山壮族苗族自治州,富宁县,云南省 文山壮族苗族自治州 富宁县,Triplets
非洲大蜗牛,2001,22.950193358507544,104.26302997748502,1,云南省,文山壮族苗族自治州,马关县,云南省 文山壮族苗族自治州 马关县,Triplets
非洲大蜗牛,2001,23.220065755134456,104.8964692078795,1,云南省,文山壮族苗族自治州,麻栗坡县,云南省 文山壮族苗族自治州 麻栗坡县,Triplets
非洲大蜗牛,2001,23.7386601671924,120.96479657390616,1,台湾省,,,台湾省,GBIF
非洲大蜗牛,2004,23.7386601671924,120.96479657390616,12,台湾省,,,台湾省,GBIF
非洲大蜗牛,2005,23.7386601671924,120.96479657390616,34,台湾省,,,台湾省,GBIF
非洲大蜗牛,2006,23.7386601671924,120.96479657390616,1,台湾省,,,台湾省,GBIF
非洲大蜗牛,2006,22.26466443108532,112.67787238138114,1,广东省,江门市,,广东省 江门市,Triplets
非洲大蜗牛,2006,22.37267792146093,114.13739429964244,1,香港特别行政区,,,香港特别行政区,GBIF
非洲大蜗牛,2007,23.7386601671924,120.96479657390616,14,台湾省,,,台湾省,GBIF
非洲大蜗牛,2008,23.7386601671924,120.96479657390616,31,台湾省,,,台湾省,GBIF
非洲大蜗牛,2009,23.7386601671924,120.96479657390616,9,台湾省,,,台湾省,GBIF
非洲大蜗牛,2012,23.7386601671924,120.96479657390616,2,台湾省,,,台湾省,GBIF
非洲大蜗牛,2014,26.04465009082403,119.20674701797596,1,福建省,福州市,,福建省 福州市,Triplets
非洲大蜗牛,2015,23.433238210068374,117.06250398136272,1,广东省,汕头市,南澳县,广东省 汕头市 南澳县,Triplets
非洲大蜗牛,2018,17.881890269508578,110.29700571561348,1,海南省,,,海南省,Triplets
非洲大蜗牛,2024,23.23238426954528,114.50764817755724,1,广东省,惠州市,,广东省 惠州市,Triplets
非洲大蜗牛,,25.189558553208744,102.658649035696,1,云南省,昆明市,五华区,云南省 昆明市 五华区,Triplets
非洲大蜗牛,,22.73288138626794,100.84870782890448,1,云南省,普洱市,思茅区,云南省 普洱市 思茅区,Triplets
非洲大蜗牛,,24.97231308028129,101.48812245314876,1,云南省,,,云南省,Triplets
非洲大蜗牛,,39.27435547989023,106.9227595245568,1,内蒙古自治区,乌海市,海南区,内蒙古自治区 乌海市 海南区,Triplets
非洲大蜗牛,,23.7386601671924,120.96479657390616,3,台湾省,,,台湾省,Triplets
非洲大蜗牛,,22.68486638390089,111.48646093217845,1,广东省,云浮市,罗定市,广东省 云浮市 罗定市,Triplets
非洲大蜗牛,,22.97365613364083,113.40681932302805,1,广东省,广州市,番禺区,广东省 广州市 番禺区,Triplets
非洲大蜗牛,,23.088038389909027,113.2278051546292,1,广东省,广州市,荔湾区,广东省 广州市 荔湾区,Triplets
非洲大蜗牛,,22.64248069936475,114.1418629784136,1,广东省,深圳市,,广东省 深圳市,Triplets
非洲大蜗牛,,22.007310785375008,110.95838441276445,1,广东省,茂名市,,广东省 茂名市,Triplets
非洲大蜗牛,,23.304812771431603,113.41790595544724,1,广东省,,,广东省,Triplets
非洲大蜗牛,,22.95877511075617,108.54518301395116,1,广西壮族自治区,南宁市,兴宁区,广西壮族自治区 南宁市 兴宁区,Triplets
非洲大蜗牛,,23.054418636339847,108.46784633417332,1,广西壮族自治区,南宁市,,广西壮族自治区 南宁市,Triplets
非洲大蜗牛,,23.81827511414045,108.79264334710048,1,广西壮族自治区,,,广西壮族自治区,Triplets
非洲大蜗牛,,29.11474094377361,119.9568002555214,1,浙江省,金华市,,浙江省 金华市,Triplets
非洲大蜗牛,,22.15993981190928,113.56722957508072,1,澳门特别行政区,,,澳门特别行政区,Triplets
非洲大蜗牛,,24.65871785020035,118.12584842221392,1,福建省,厦门市,,福建省 厦门市,Triplets
非洲大蜗牛,,25.120457947211467,117.90215918037332,1,福建省,泉州市,安溪县,福建省 泉州市 安溪县,Triplets
非洲大蜗牛,,25.18970375690013,118.26969007185016,1,福建省,泉州市,,福建省 泉州市,Triplets
非洲大蜗牛,,24.328875408193348,117.45859221708434,1,福建省,漳州市,,福建省 漳州市,Triplets
非洲大蜗牛,,26.09251791817627,119.28380960629796,1,福建省,福州市,鼓楼区,福建省 福州市 鼓楼区,Triplets
非洲大蜗牛,,26.051721973543824,118.00962802932943,2,福建省,,,福建省,Triplets
非洲大蜗牛,,22.37267792146093,114.13739429964244,2,香港特别行政区,,,香港特别行政区,Triplets
非洲大蜗牛,,47.28384438914077,130.2882496307656,1,黑龙江省,鹤岗市,南山区,黑龙江省 鹤岗市 南山区,Triplets
鳄雀鳝,2009,22.37267792146093,114.13739429964244,1,香港特别行政区,,,香港特别行政区,Triplets
鳄雀鳝,2012,23.7386601671924,120.96479657390616,1,台湾省,,,台湾省,GBIF
鳄雀鳝,2013,23.7386601671924,120.96479657390616,1,台湾省,,,台湾省,GBIF
鳄雀鳝,2019,22.37267792146093,114.13739429964244,1,香港特别行政区,,,香港特别行政区,GBIF
鳄雀鳝,2022,24.97231308028129,101.48812245314876,1,云南省,,,云南省,Triplets
鳄雀鳝,2022,40.18698478637371,116.41892401824192,1,北京市,,,北京市,Triplets
鳄雀鳝,2022,31.823966290645263,117.23131958178456,1,安徽省,,,安徽省,Triplets
鳄雀鳝,2022,36.36196535534078,118.18286398987608,1,山东省,,,山东省,Triplets
鳄雀鳝,2022,23.304812771431603,113.41790595544724,1,广东省,,,广东省,Triplets
鳄雀鳝,2022,23.81827511414045,108.79264334710048,2,广西壮族自治区,,,广西壮族自治区,Triplets
鳄雀鳝,2022,32.96486132153154,119.49340941670576,2,江苏省,,,江苏省,Triplets
鳄雀鳝,2022,27.61158014411382,115.72733881673588,1,江西省,,,江西省,Triplets
鳄雀鳝,2022,34.15633886910083,112.80482032627762,1,河南省,平顶山市,汝州市,河南省 平顶山市 汝州市,Triplets
鳄雀鳝,2022,29.18236217312296,120.144261266752,1,浙江省,,,浙江省,Triplets
鳄雀鳝,2022,27.60668273712699,111.71415132730344,2,湖南省,,,湖南省,Triplets
鳄雀鳝,2022,26.051721973543824,118.00962802932943,1,福建省,,,福建省,Triplets
鳄雀鳝,2022,35.66991876487971,96.04125745262871,1,青海省,,,青海省,Triplets
鳄雀鳝,2022,22.37267792146093,114.13739429964244,1,香港特别行政区,,,香港特别行政区,GBIF
鳄雀鳝,2024,23.7386601671924,120.96479657390616,2,台湾省,,,台湾省,GBIF
鳄雀鳝,2024,22.37267792146093,114.13739429964244,1,香港特别行政区,,,香港特别行政区,GBIF
鳄雀鳝,,30.626543552548597,102.6951114402608,1,四川省,,,四川省,Triplets
鳄雀鳝,,23.304812771431603,113.41790595544724,1,广东省,,,广东省,Triplets
鳄雀鳝,,26.051721973543824,118.00962802932943,1,福建省,,,福建省,Triplets
齐氏罗非鱼,1951,23.7386601671924,120.96479657390616,1,台湾省,,,台湾省,GBIF
齐氏罗非鱼,1978,23.304812771431603,113.41790595544724,1,广东省,,,广东省,Triplets
齐氏罗非鱼,1984,23.7386601671924,120.96479657390616,2,台湾省,,,台湾省,GBIF
齐氏罗非鱼,1991,23.7386601671924,120.96479657390616,2,台湾省,,,台湾省,GBIF
齐氏罗非鱼,1993,23.7386601671924,120.96479657390616,1,台湾省,,,台湾省,GBIF
齐氏罗非鱼,1997,23.7386601671924,120.96479657390616,1,台湾省,,,台湾省,GBIF
齐氏罗非鱼,2001,23.7386601671924,120.96479657390616,2,台湾省,,,台湾省,GBIF
齐氏罗非鱼,2002,23.7386601671924,120.96479657390616,5,台湾省,,,台湾省,GBIF
齐氏罗非鱼,2004,23.7386601671924,120.96479657390616,14,台湾省,,,台湾省,GBIF
齐氏罗非鱼,2005,23.7386601671924,120.96479657390616,14,台湾省,,,台湾省,GBIF
齐氏罗非鱼,2006,23.7386601671924,120.96479657390616,6,台湾省,,,台湾省,GBIF
齐氏罗非鱼,2009,23.7386601671924,120.96479657390616,17,台湾省,,,台湾省,GBIF
齐氏罗非鱼,2009,24.447230973457188,118.36778692074434,3,福建省,泉州市,金门县,福建省 泉州市 金门县,GBIF
齐氏罗非鱼,2009,22.37267792146093,114.13739429964244,2,香港特别行政区,,,香港特别行政区,GBIF
齐氏罗非鱼,2010,23.7386601671924,120.96479657390616,7,台湾省,,,台湾省,GBIF
齐氏罗非鱼,2012,23.7386601671924,120.96479657390616,6,台湾省,,,台湾省,GBIF
齐氏罗非鱼,2013,23.7386601671924,120.96479657390616,6,台湾省,,,台湾省,GBIF
齐氏罗非鱼,2013,22.37267792146093,114.13739429964244,1,香港特别行政区,,,香港特别行政区,GBIF
齐氏罗非鱼,2014,22.37267792146093,114.13739429964244,1,香港特别行政区,,,香港特别行政区,GBIF
齐氏罗非鱼,2015,23.7386601671924,120.96479657390616,8,台湾省,,,台湾省,GBIF
齐氏罗非鱼,2015,22.37267792146093,114.13739429964244,1,香港特别行政区,,,香港特别行政区,GBIF
齐氏罗非鱼,2016,23.7386601671924,120.96479657390616,1,台湾省,,,台湾省,GBIF
齐氏罗非鱼,2016,25.61500373521305,119.38411295332706,1,福建省,福州市,福清市,福建省 福州市 福清市,GBIF
齐氏罗非鱼,2017,23.7386601671924,120.96479657390616,2,台湾省,,,台湾省,GBIF
齐氏罗非鱼,2017,22.2237264774467,113.24522938518103,1,广东省,珠海市,斗门区,广东省 珠海市 斗门区,GBIF
齐氏罗非鱼,2017,22.37267792146093,114.13739429964244,3,香港特别行政区,,,香港特别行政区,GBIF
齐氏罗非鱼,2018,21.73177723458284,101.45274215689176,1,云南省,西双版纳傣族自治州,勐腊县,云南省 西双版纳傣族自治州 勐腊县,GBIF
齐氏罗非鱼,2018,23.7386601671924,120.96479657390616,17,台湾省,,,台湾省,GBIF
齐氏罗非鱼,2018,22.54342661680557,114.04658779242284,1,广东省,深圳市,福田区,广东省 深圳市 福田区,GBIF
齐氏罗非鱼,2018,23.32828751008212,110.08015491200834,1,广西壮族自治区,贵港市,桂平市,广西壮族自治区 贵港市 桂平市,GBIF
齐氏罗非鱼,2018,26.752341983241724,119.46025816550365,2,福建省,宁德市,蕉城区,福建省 宁德市 蕉城区,GBIF
齐氏罗非鱼,2018,22.37267792146093,114.13739429964244,3,香港特别行政区,,,香港特别行政区,GBIF
齐氏罗非鱼,2019,23.7386601671924,120.96479657390616,11,台湾省,,,台湾省,GBIF
齐氏罗非鱼,2019,22.541479061573185,113.93692963007186,1,广东省,深圳市,南山区,广东省 深圳市 南山区,GBIF
齐氏罗非鱼,2019,23.096483648442817,112.47061992297448,1,广东省,肇庆市,端州区,广东省 肇庆市 端州区,GBIF
齐氏罗非鱼,2019,26.752341983241724,119.46025816550365,2,福建省,宁德市,蕉城区,福建省 宁德市 蕉城区,GBIF
齐氏罗非鱼,2019,22.37267792146093,114.13739429964244,15,香港特别行政区,,,香港特别行政区,GBIF
齐氏罗非鱼,2020,23.7386601671924,120.96479657390616,4,台湾省,,,台湾省,GBIF
齐氏罗非鱼,2020,22.688530876090912,114.36184923239462,1,广东省,深圳市,坪山区,广东省 深圳市 坪山区,GBIF
齐氏罗非鱼,2020,22.593632942589917,114.2751004251222,1,广东省,深圳市,盐田区,广东省 深圳市 盐田区,GBIF
齐氏罗非鱼,2020,21.76096209893492,108.06760901592462,1,广西壮族自治区,防城港市,防城区,广西壮族自治区 防城港市 防城区,GBIF
齐氏罗非鱼,2020,26.752341983241724,119.46025816550365,1,福建省,宁德市,蕉城区,福建省 宁德市 蕉城区,GBIF
齐氏罗非鱼,2020,22.37267792146093,114.13739429964244,2,香港特别行政区,,,香港特别行政区,GBIF
齐氏罗非鱼,2021,23.7386601671924,120.96479657390616,26,台湾省,,,台湾省,GBIF
齐氏罗非鱼,2021,23.088038389909027,113.2278051546292,1,广东省,广州市,荔湾区,广东省 广州市 荔湾区,GBIF
齐氏罗非鱼,2021,22.541479061573185,113.93692963007186,3,广东省,深圳市,南山区,广东省 深圳市 南山区,GBIF
齐氏罗非鱼,2021,22.57480540588968,114.14808460667636,1,广东省,深圳市,罗湖区,广东省 深圳市 罗湖区,GBIF
齐氏罗非鱼,2021,23.096483648442817,112.47061992297448,3,广东省,肇庆市,端州区,广东省 肇庆市 端州区,GBIF
齐氏罗非鱼,2021,23.20275888544646,112.61551139239012,1,广东省,肇庆市,鼎湖区,广东省 肇庆市 鼎湖区,GBIF
齐氏罗非鱼,2021,26.219728444432167,119.30759342469104,1,福建省,福州市,晋安区,福建省 福州市 晋安区,GBIF
齐氏罗非鱼,2021,22.37267792146093,114.13739429964244,16,香港特别行政区,,,香港特别行政区,GBIF
齐氏罗非鱼,2022,22.73288138626794,100.84870782890448,1,云南省,普洱市,思茅区,云南省 普洱市 思茅区,GBIF
齐氏罗非鱼,2022,21.73177723458284,101.45274215689176,1,云南省,西双版纳傣族自治州,勐腊县,云南省 西双版纳傣族自治州 勐腊县,GBIF
齐氏罗非鱼,2022,23.7386601671924,120.96479657390616,106,台湾省,,,台湾省,GBIF
齐氏罗非鱼,2022,22.93174639737353,113.88000258731022,1,广东省,东莞市,东莞市,广东省 东莞市 东莞市,GBIF
齐氏罗非鱼,2022,22.745674175645085,113.5378788175765,1,广东省,广州市,南沙区,广东省 广州市 南沙区,GBIF
齐氏罗非鱼,2022,23.289392822629097,113.32401256257135,1,广东省,广州市,白云区,广东省 广州市 白云区,GBIF
齐氏罗非鱼,2022,22.86185777663582,114.4726848942768,1,广东省,惠州市,惠阳区,广东省 惠州市 惠阳区,GBIF
齐氏罗非鱼,2022,22.54342661680557,114.04658779242284,1,广东省,深圳市,福田区,广东省 深圳市 福田区,GBIF
齐氏罗非鱼,2022,22.63040438818055,114.35989497612884,3,广东省,深圳市,龙岗区,广东省 深圳市 龙岗区,GBIF
齐氏罗非鱼,2022,23.93706973318694,106.49821852312016,1,广西壮族自治区,百色市,右江区,广西壮族自治区 百色市 右江区,GBIF
齐氏罗非鱼,2022,32.15966845556967,118.95897002782178,1,江苏省,南京市,栖霞区,江苏省 南京市 栖霞区,GBIF
齐氏罗非鱼,2022,19.907278042869024,110.22924746939891,1,海南省,海口市,秀英区,海南省 海口市 秀英区,GBIF
齐氏罗非鱼,2022,24.46169524033992,118.13139175692176,1,福建省,厦门市,思明区,福建省 厦门市 思明区,GBIF
齐氏罗非鱼,2022,25.8521031703133,118.78942545386556,1,福建省,福州市,永泰县,福建省 福州市 永泰县,GBIF
齐氏罗非鱼,2022,22.37267792146093,114.13739429964244,9,香港特别行政区,,,香港特别行政区,GBIF
齐氏罗非鱼,2023,25.05826025446868,102.88600693304276,1,云南省,昆明市,官渡区,云南省 昆明市 官渡区,GBIF
齐氏罗非鱼,2023,25.94109220738321,101.23687612147552,1,云南省,楚雄彝族自治州,大姚县,云南省 楚雄彝族自治州 大姚县,GBIF
齐氏罗非鱼,2023,21.73177723458284,101.45274215689176,1,云南省,西双版纳傣族自治州,勐腊县,云南省 西双版纳傣族自治州 勐腊县,GBIF
齐氏罗非鱼,2023,23.7386601671924,120.96479657390616,216,台湾省,,,台湾省,GBIF
齐氏罗非鱼,2023,30.60116712749977,104.11510149183576,1,四川省,成都市,锦江区,四川省 成都市 锦江区,Triplets
齐氏罗非鱼,2023,22.97365613364083,113.40681932302805,1,广东省,广州市,番禺区,广东省 广州市 番禺区,GBIF
齐氏罗非鱼,2023,23.13294864762576,113.28139897893487,1,广东省,广州市,越秀区,广东省 广州市 越秀区,GBIF
齐氏罗非鱼,2023,23.23238426954528,114.50764817755724,1,广东省,惠州市,,广东省 惠州市,Triplets
齐氏罗非鱼,2023,24.688913945070205,115.9262118695394,1,广东省,梅州市,平远县,广东省 梅州市 平远县,GBIF
齐氏罗非鱼,2023,22.63040438818055,114.35989497612884,3,广东省,深圳市,龙岗区,广东省 深圳市 龙岗区,GBIF
齐氏罗非鱼,2023,22.02976363207944,113.28463561885742,1,广东省,珠海市,金湾区,广东省 珠海市 金湾区,GBIF
齐氏罗非鱼,2023,24.80548393825691,113.16952019753164,1,广东省,韶关市,乳源瑶族自治县,广东省 韶关市 乳源瑶族自治县,GBIF
齐氏罗非鱼,2023,22.91661127270904,108.08329082828004,1,广西壮族自治区,南宁市,西乡塘区,广西壮族自治区 南宁市 西乡塘区,GBIF
齐氏罗非鱼,2023,22.51821186561745,107.82401030145232,1,广西壮族自治区,崇左市,扶绥县,广西壮族自治区 崇左市 扶绥县,GBIF
齐氏罗非鱼,2023,23.797205710210704,108.9365892318498,1,广西壮族自治区,来宾市,合山市,广西壮族自治区 来宾市 合山市,Triplets
齐氏罗非鱼,2023,23.851151690696025,109.41647605742035,1,广西壮族自治区,来宾市,,广西壮族自治区 来宾市,Triplets
齐氏罗非鱼,2023,24.363079471531243,109.46492429587704,3,广西壮族自治区,柳州市,城中区,广西壮族自治区 柳州市 城中区,GBIF
齐氏罗非鱼,2023,24.166276979718734,109.22027644318328,1,广西壮族自治区,柳州市,柳江区,广西壮族自治区 柳州市 柳江区,Triplets
齐氏罗非鱼,2023,24.505637215750863,107.40551332622113,1,广西壮族自治区,河池市,东兰县,广西壮族自治区 河池市 东兰县,Triplets
齐氏罗非鱼,2023,23.9656401503316,107.705268947227,1,广西壮族自治区,河池市,大化瑶族自治县,广西壮族自治区 河池市 大化瑶族自治县,Triplets
齐氏罗非鱼,2023,25.012968069843662,106.99117283634912,1,广西壮族自治区,河池市,天峨县,广西壮族自治区 河池市 天峨县,Triplets
齐氏罗非鱼,2023,24.15194723394808,107.2004818553025,1,广西壮族自治区,河池市,巴马瑶族自治县,广西壮族自治区 河池市 巴马瑶族自治县,Triplets
齐氏罗非鱼,2023,24.164214438000887,108.11239572334902,1,广西壮族自治区,河池市,都安瑶族自治县,广西壮族自治区 河池市 都安瑶族自治县,Triplets
齐氏罗非鱼,2023,23.93706973318694,106.49821852312016,1,广西壮族自治区,百色市,右江区,广西壮族自治区 百色市 右江区,Triplets
齐氏罗非鱼,2023,28.44058553440996,119.8434150413645,1,浙江省,丽水市,莲都区,浙江省 丽水市 莲都区,GBIF
齐氏罗非鱼,2023,22.15993981190928,113.56722957508072,2,澳门特别行政区,,,澳门特别行政区,GBIF
齐氏罗非鱼,2023,24.629009674360727,118.02747753230996,1,福建省,厦门市,集美区,福建省 厦门市 集美区,GBIF
齐氏罗非鱼,2023,25.389736634171616,118.13989735808632,1,福建省,泉州市,永春县,福建省 泉州市 永春县,Triplets
齐氏罗非鱼,2023,24.754102086534484,116.817351359752,1,福建省,龙岩市,永定区,福建省 龙岩市 永定区,GBIF
齐氏罗非鱼,2023,25.374532407330648,117.44233070958116,3,福建省,龙岩市,漳平市,福建省 龙岩市 漳平市,GBIF
齐氏罗非鱼,2023,22.37267792146093,114.13739429964244,6,香港特别行政区,,,香港特别行政区,GBIF
齐氏罗非鱼,2024,22.10514352375971,100.91894501697938,1,云南省,西双版纳傣族自治州,景洪市,云南省 西双版纳傣族自治州 景洪市,GBIF
齐氏罗非鱼,2024,23.7386601671924,120.96479657390616,73,台湾省,,,台湾省,GBIF
齐氏罗非鱼,2024,22.93174639737353,113.88000258731022,1,广东省,东莞市,东莞市,广东省 东莞市 东莞市,GBIF
齐氏罗非鱼,2024,23.069051312069263,113.03545441178817,1,广东省,佛山市,南海区,广东省 佛山市 南海区,GBIF
齐氏罗非鱼,2024,22.84133170470916,113.18393132874697,1,广东省,佛山市,顺德区,广东省 佛山市 顺德区,GBIF
齐氏罗非鱼,2024,23.289392822629097,113.32401256257135,1,广东省,广州市,白云区,广东省 广州市 白云区,GBIF
齐氏罗非鱼,2024,22.763188580061243,113.93123966275576,1,广东省,深圳市,光明区,广东省 深圳市 光明区,GBIF
齐氏罗非鱼,2024,22.688530876090912,114.36184923239462,2,广东省,深圳市,坪山区,广东省 深圳市 坪山区,GBIF
齐氏罗非鱼,2024,22.593632942589917,114.2751004251222,1,广东省,深圳市,盐田区,广东省 深圳市 盐田区,GBIF
齐氏罗非鱼,2024,22.54342661680557,114.04658779242284,4,广东省,深圳市,福田区,广东省 深圳市 福田区,GBIF
齐氏罗非鱼,2024,22.63040438818055,114.35989497612884,1,广东省,深圳市,龙岗区,广东省 深圳市 龙岗区,GBIF
齐氏罗非鱼,2024,22.02976363207944,113.28463561885742,1,广东省,珠海市,金湾区,广东省 珠海市 金湾区,GBIF
齐氏罗非鱼,2024,22.214275563004684,113.60911530547328,4,广东省,珠海市,香洲区,广东省 珠海市 香洲区,GBIF
齐氏罗非鱼,2024,21.7122376481476,111.60232950487244,1,广东省,阳江市,阳西县,广东省 阳江市 阳西县,GBIF
齐氏罗非鱼,2024,22.792858258126916,109.9230054299176,1,广西壮族自治区,玉林市,兴业县,广西壮族自治区 玉林市 兴业县,GBIF
齐氏罗非鱼,2024,19.578929273667256,109.38986480282703,1,海南省,儋州市,儋州市,海南省 儋州市 儋州市,GBIF
齐氏罗非鱼,2024,19.210213798048272,110.42190553498232,2,海南省,琼海市,琼海市,海南省 琼海市 琼海市,GBIF
齐氏罗非鱼,2024,22.15993981190928,113.56722957508072,4,澳门特别行政区,,,澳门特别行政区,GBIF
齐氏罗非鱼,2024,24.629009674360727,118.02747753230996,1,福建省,厦门市,集美区,福建省 厦门市 集美区,GBIF
齐氏罗非鱼,2024,24.447230973457188,118.36778692074434,6,福建省,泉州市,金门县,福建省 泉州市 金门县,GBIF
齐氏罗非鱼,2024,22.37267792146093,114.13739429964244,19,香港特别行政区,,,香港特别行政区,GBIF
齐氏罗非鱼,2025,23.7386601671924,120.96479657390616,152,台湾省,,,台湾省,GBIF
齐氏罗非鱼,2025,22.93174639737353,113.88000258731022,1,广东省,东莞市,东莞市,广东省 东莞市 东莞市,GBIF
齐氏罗非鱼,2025,22.51752542481116,113.4045298350969,1,广东省,中山市,中山市,广东省 中山市 中山市,GBIF
齐氏罗非鱼,2025,23.069051312069263,113.03545441178817,1,广东省,佛山市,南海区,广东省 佛山市 南海区,GBIF
齐氏罗非鱼,2025,23.15980389557457,113.3762328567298,1,广东省,广州市,天河区,广东省 广州市 天河区,GBIF
齐氏罗非鱼,2025,23.081999246379624,113.32667665541176,2,广东省,广州市,海珠区,广东省 广州市 海珠区,GBIF
齐氏罗非鱼,2025,23.289392822629097,113.32401256257135,3,广东省,广州市,白云区,广东省 广州市 白云区,GBIF
齐氏罗非鱼,2025,23.13294864762576,113.28139897893487,3,广东省,广州市,越秀区,广东省 广州市 越秀区,GBIF
齐氏罗非鱼,2025,24.67643803067697,116.1897587057387,1,广东省,梅州市,蕉岭县,广东省 梅州市 蕉岭县,GBIF
齐氏罗非鱼,2025,22.688530876090912,114.36184923239462,1,广东省,深圳市,坪山区,广东省 深圳市 坪山区,GBIF
齐氏罗非鱼,2025,22.57480540588968,114.14808460667636,2,广东省,深圳市,罗湖区,广东省 深圳市 罗湖区,GBIF
齐氏罗非鱼,2025,22.68402547262074,114.03474849092768,1,广东省,深圳市,龙华区,广东省 深圳市 龙华区,GBIF
齐氏罗非鱼,2025,22.63040438818055,114.35989497612884,2,广东省,深圳市,龙岗区,广东省 深圳市 龙岗区,GBIF
齐氏罗非鱼,2025,24.21978293019386,113.31800286870065,1,广东省,清远市,英德市,广东省 清远市 英德市,GBIF
齐氏罗非鱼,2025,22.02976363207944,113.28463561885742,1,广东省,珠海市,金湾区,广东省 珠海市 金湾区,GBIF
齐氏罗非鱼,2025,22.818875067966932,108.65476914261244,1,广西壮族自治区,南宁市,青秀区,广西壮族自治区 南宁市 青秀区,GBIF
齐氏罗非鱼,2025,23.93706973318694,106.49821852312016,1,广西壮族自治区,百色市,右江区,广西壮族自治区 百色市 右江区,GBIF
齐氏罗非鱼,2025,32.05282135518315,118.56283041725608,1,江苏省,南京市,浦口区,江苏省 南京市 浦口区,GBIF
齐氏罗非鱼,2025,28.44058553440996,119.8434150413645,1,浙江省,丽水市,莲都区,浙江省 丽水市 莲都区,GBIF
齐氏罗非鱼,2025,27.96653753353789,120.5513449261373,1,浙江省,温州市,瓯海区,浙江省 温州市 瓯海区,GBIF
齐氏罗非鱼,2025,18.262591466450043,109.59645812318747,2,海南省,三亚市,吉阳区,海南省 三亚市 吉阳区,GBIF
齐氏罗非鱼,2025,19.8681884395923,110.33591944156042,1,海南省,海口市,龙华区,海南省 海口市 龙华区,GBIF
齐氏罗非鱼,2025,22.15993981190928,113.56722957508072,11,澳门特别行政区,,,澳门特别行政区,GBIF
齐氏罗非鱼,2025,26.44084837826331,117.81218865045102,3,福建省,三明市,沙县区,福建省 三明市 沙县区,GBIF
齐氏罗非鱼,2025,27.74178864761444,118.00502292562268,1,福建省,南平市,武夷山市,福建省 南平市 武夷山市,GBIF
齐氏罗非鱼,2025,24.46169524033992,118.13139175692176,1,福建省,厦门市,思明区,福建省 厦门市 思明区,GBIF
齐氏罗非鱼,2025,24.912657548667507,117.53508345344646,1,福建省,漳州市,华安县,福建省 漳州市 华安县,GBIF
齐氏罗非鱼,2025,26.015794958867875,119.32125889211198,2,福建省,福州市,仓山区,福建省 福州市 仓山区,GBIF
齐氏罗非鱼,2025,24.754102086534484,116.817351359752,1,福建省,龙岩市,永定区,福建省 龙岩市 永定区,GBIF
齐氏罗非鱼,2025,22.37267792146093,114.13739429964244,22,香港特别行政区,,,香港特别行政区,GBIF
齐氏罗非鱼,2026,23.7386601671924,120.96479657390616,5,台湾省,,,台湾省,GBIF
齐氏罗非鱼,2026,23.216988505018627,113.50815198341076,1,广东省,广州市,黄埔区,广东省 广州市 黄埔区,GBIF
齐氏罗非鱼,2026,22.63040438818055,114.35989497612884,1,广东省,深圳市,龙岗区,广东省 深圳市 龙岗区,GBIF
齐氏罗非鱼,2026,19.73335228941943,110.49774742149958,1,海南省,海口市,琼山区,海南省 海口市 琼山区,GBIF
齐氏罗非鱼,2026,19.69977926262964,109.99010564560942,1,海南省,澄迈县,澄迈县,海南省 澄迈县 澄迈县,GBIF
齐氏罗非鱼,2026,22.37267792146093,114.13739429964244,3,香港特别行政区,,,香港特别行政区,GBIF
齐氏罗非鱼,,24.97231308028129,101.48812245314876,1,云南省,,,云南省,Triplets
齐氏罗非鱼,,30.626543552548597,102.6951114402608,1,四川省,,,四川省,Triplets
齐氏罗非鱼,,23.304812771431603,113.41790595544724,1,广东省,,,广东省,Triplets
齐氏罗非鱼,,23.81827511414045,108.79264334710048,1,广西壮族自治区,,,广西壮族自治区,Triplets
齐氏罗非鱼,,31.925232571888543,118.8479846175208,1,江苏省,南京市,,江苏省 南京市,Triplets
齐氏罗非鱼,,27.61158014411382,115.72733881673588,1,江西省,,,江西省,Triplets
齐氏罗非鱼,,29.18236217312296,120.144261266752,1,浙江省,,,浙江省,Triplets
齐氏罗非鱼,,30.973896659164577,112.27555047569828,1,湖北省,,,湖北省,Triplets
