species_label,lat,lng,province,city,district,address,year,count
大鳄龟,23.738660167192396,120.96479657390617,台湾省,,,台湾省,2018,1
大鳄龟,23.738660167192396,120.96479657390617,台湾省,,,台湾省,2024,1
大鳄龟,39.953521170225514,116.51534338013552,北京市,北京市,朝阳区,北京市 朝阳区,2025,1
大鳄龟,22.37267792146093,114.13739429964244,香港特别行政区,,,香港特别行政区,2026,1
福寿螺,23.738660167192396,120.96479657390617,台湾省,,,台湾省,2001,1
福寿螺,23.738660167192396,120.96479657390617,台湾省,,,台湾省,2004,16
福寿螺,23.738660167192396,120.96479657390617,台湾省,,,台湾省,2005,27
福寿螺,23.738660167192396,120.96479657390617,台湾省,,,台湾省,2006,35
福寿螺,22.37267792146093,114.13739429964244,香港特别行政区,,,香港特别行政区,2006,2
福寿螺,23.738660167192396,120.96479657390617,台湾省,,,台湾省,2007,2
福寿螺,23.738660167192396,120.96479657390617,台湾省,,,台湾省,2008,20
福寿螺,23.738660167192396,120.96479657390617,台湾省,,,台湾省,2009,3
福寿螺,24.35963952615164,106.64245472940162,广西壮族自治区,百色市,凌云县,广西壮族自治区 百色市 凌云县,2010,1
福寿螺,24.94251004584769,110.90247281152868,广西壮族自治区,桂林市,恭城瑶族自治县,广西壮族自治区 桂林市 恭城瑶族自治县,2012,1
福寿螺,22.37267792146093,114.13739429964244,香港特别行政区,,,香港特别行政区,2012,1
福寿螺,23.738660167192396,120.96479657390617,台湾省,,,台湾省,2015,9
福寿螺,22.745674175645085,113.5378788175765,广东省,广州市,南沙区,广东省 广州市 南沙区,2016,1
福寿螺,28.12505282298817,112.35302172306602,湖南省,长沙市,宁乡市,湖南省 长沙市 宁乡市,2016,1
福寿螺,23.738660167192396,120.96479657390617,台湾省,,,台湾省,2018,3
福寿螺,23.738660167192396,120.96479657390617,台湾省,,,台湾省,2019,7
福寿螺,23.738660167192396,120.96479657390617,台湾省,,,台湾省,2020,4
福寿螺,23.738660167192396,120.96479657390617,台湾省,,,台湾省,2021,18
福寿螺,23.738660167192396,120.96479657390617,台湾省,,,台湾省,2022,4
福寿螺,29.490387157219143,113.5139525024067,湖南省,岳阳市,临湘市,湖南省 岳阳市 临湘市,2022,1
福寿螺,27.88659008433667,112.99760073363879,湖南省,湘潭市,岳塘区,湖南省 湘潭市 岳塘区,2022,1
福寿螺,23.738660167192396,120.96479657390617,台湾省,,,台湾省,2023,24
福寿螺,23.143083366852967,106.31429559722852,广西壮族自治区,百色市,靖西市,广西壮族自治区 百色市 靖西市,2023,1
福寿螺,27.61246337953896,112.77076844165013,湖南省,湘潭市,湘潭县,湖南省 湘潭市 湘潭县,2023,1
福寿螺,23.738660167192396,120.96479657390617,台湾省,,,台湾省,2024,2
福寿螺,22.593632942589913,114.27510042512219,广东省,深圳市,盐田区,广东省 深圳市 盐田区,2024,1
福寿螺,23.738660167192396,120.96479657390617,台湾省,,,台湾省,2026,1
红耳彩龟,29.346492777148775,110.50111265887548,湖南省,张家界市,武陵源区,湖南省 张家界市 武陵源区,2007,1
红耳彩龟,31.358082438058513,121.24438535086614,上海市,上海市,嘉定区,上海市 嘉定区,2008,1
红耳彩龟,23.738660167192396,120.96479657390617,台湾省,,,台湾省,2009,2
红耳彩龟,22.37267792146093,114.13739429964244,香港特别行政区,,,香港特别行政区,2009,5
红耳彩龟,23.738660167192396,120.96479657390617,台湾省,,,台湾省,2010,1
红耳彩龟,22.15993981190928,113.56722957508072,澳门特别行政区,,,澳门特别行政区,2010,1
红耳彩龟,24.91719173334794,118.62700691750129,福建省,泉州市,丰泽区,福建省 泉州市 丰泽区,2010,1
红耳彩龟,22.37267792146093,114.13739429964244,香港特别行政区,,,香港特别行政区,2010,2
红耳彩龟,23.738660167192396,120.96479657390617,台湾省,,,台湾省,2011,1
红耳彩龟,22.37267792146093,114.13739429964244,香港特别行政区,,,香港特别行政区,2011,1
红耳彩龟,23.738660167192396,120.96479657390617,台湾省,,,台湾省,2012,7
红耳彩龟,30.200961806830172,120.08341957657353,浙江省,杭州市,西湖区,浙江省 杭州市 西湖区,2012,1
红耳彩龟,22.37267792146093,114.13739429964244,香港特别行政区,,,香港特别行政区,2012,2
红耳彩龟,23.738660167192396,120.96479657390617,台湾省,,,台湾省,2013,7
红耳彩龟,29.500879293701534,103.39346982078396,四川省,乐山市,峨眉山市,四川省 乐山市 峨眉山市,2013,1
红耳彩龟,22.15993981190928,113.56722957508072,澳门特别行政区,,,澳门特别行政区,2013,1
红耳彩龟,24.46169524033992,118.13139175692177,福建省,厦门市,思明区,福建省 厦门市 思明区,2013,1
红耳彩龟,22.37267792146093,114.13739429964244,香港特别行政区,,,香港特别行政区,2013,4
红耳彩龟,31.162980006993923,121.43940435148488,上海市,上海市,徐汇区,上海市 徐汇区,2014,1
红耳彩龟,23.738660167192396,120.96479657390617,台湾省,,,台湾省,2014,7
红耳彩龟,30.60475980905398,104.02568775357243,四川省,成都市,武侯区,四川省 成都市 武侯区,2014,1
红耳彩龟,22.63040438818055,114.35989497612883,广东省,深圳市,龙岗区,广东省 深圳市 龙岗区,2014,2
红耳彩龟,29.30081800925886,120.06125546686727,浙江省,金华市,义乌市,浙江省 金华市 义乌市,2014,1
红耳彩龟,24.447230973457188,118.36778692074434,福建省,泉州市,金门县,福建省 泉州市 金门县,2014,1
红耳彩龟,34.210266800009826,108.93427370240319,陕西省,西安市,雁塔区,陕西省 西安市 雁塔区,2014,1
红耳彩龟,22.37267792146093,114.13739429964244,香港特别行政区,,,香港特别行政区,2014,2
红耳彩龟,31.392070197057475,121.4048721439436,上海市,上海市,宝山区,上海市 宝山区,2015,1
红耳彩龟,31.21594260789715,121.48357101237309,上海市,上海市,黄浦区,上海市 黄浦区,2015,1
红耳彩龟,23.738660167192396,120.96479657390617,台湾省,,,台湾省,2015,8
红耳彩龟,30.67956726335655,103.98133640091255,四川省,成都市,青羊区,四川省 成都市 青羊区,2015,1
红耳彩龟,22.15993981190928,113.56722957508072,澳门特别行政区,,,澳门特别行政区,2015,1
红耳彩龟,24.447230973457188,118.36778692074434,福建省,泉州市,金门县,福建省 泉州市 金门县,2015,2
红耳彩龟,22.37267792146093,114.13739429964244,香港特别行政区,,,香港特别行政区,2015,8
红耳彩龟,31.162980006993923,121.43940435148488,上海市,上海市,徐汇区,上海市 徐汇区,2016,1
红耳彩龟,31.21594260789715,121.48357101237309,上海市,上海市,黄浦区,上海市 黄浦区,2016,1
红耳彩龟,23.738660167192396,120.96479657390617,台湾省,,,台湾省,2016,9
红耳彩龟,22.54342661680557,114.04658779242284,广东省,深圳市,福田区,广东省 深圳市 福田区,2016,1
红耳彩龟,29.831316021823383,119.55310972272788,浙江省,杭州市,桐庐县,浙江省 杭州市 桐庐县,2016,1
红耳彩龟,18.262591466450043,109.59645812318749,海南省,三亚市,吉阳区,海南省 三亚市 吉阳区,2016,1
红耳彩龟,28.130463453618958,112.83623947699608,湖南省,长沙市,岳麓区,湖南省 长沙市 岳麓区,2016,1
红耳彩龟,24.447230973457188,118.36778692074434,福建省,泉州市,金门县,福建省 泉州市 金门县,2016,2
红耳彩龟,22.37267792146093,114.13739429964244,香港特别行政区,,,香港特别行政区,2016,48
红耳彩龟,23.738660167192396,120.96479657390617,台湾省,,,台湾省,2017,7
红耳彩龟,24.641514044698262,113.6283257105737,广东省,韶关市,曲江区,广东省 韶关市 曲江区,2017,1
红耳彩龟,34.71518938246065,112.55614173336906,河南省,洛阳市,瀍河回族区,河南省 洛阳市 瀍河回族区,2017,1
红耳彩龟,24.46169524033992,118.13139175692177,福建省,厦门市,思明区,福建省 厦门市 思明区,2017,1
红耳彩龟,26.752341983241724,119.46025816550365,福建省,宁德市,蕉城区,福建省 宁德市 蕉城区,2017,1
红耳彩龟,24.447230973457188,118.36778692074434,福建省,泉州市,金门县,福建省 泉州市 金门县,2017,1
红耳彩龟,22.37267792146093,114.13739429964244,香港特别行政区,,,香港特别行政区,2017,19
红耳彩龟,30.898313953489094,121.56138279456356,上海市,上海市,奉贤区,上海市 奉贤区,2018,1
红耳彩龟,31.257905898536766,121.39204249947997,上海市,上海市,普陀区,上海市 普陀区,2018,1
红耳彩龟,31.08715896575899,121.7503353068396,上海市,上海市,浦东新区,上海市 浦东新区,2018,1
红耳彩龟,26.86430247652221,100.32422255995645,云南省,丽江市,古城区,云南省 丽江市 古城区,2018,1
红耳彩龟,23.738660167192396,120.96479657390617,台湾省,,,台湾省,2018,36
红耳彩龟,30.60475980905398,104.02568775357243,四川省,成都市,武侯区,四川省 成都市 武侯区,2018,1
红耳彩龟,30.67956726335655,103.98133640091255,四川省,成都市,青羊区,四川省 成都市 青羊区,2018,2
红耳彩龟,22.97365613364083,113.40681932302805,广东省,广州市,番禺区,广东省 广州市 番禺区,2018,1
红耳彩龟,31.658667968840017,120.82290369084393,江苏省,苏州市,常熟市,江苏省 苏州市 常熟市,2018,1
红耳彩龟,22.15993981190928,113.56722957508072,澳门特别行政区,,,澳门特别行政区,2018,2
红耳彩龟,24.447230973457188,118.36778692074434,福建省,泉州市,金门县,福建省 泉州市 金门县,2018,1
红耳彩龟,24.908504698287278,118.54820228549218,福建省,泉州市,鲤城区,福建省 泉州市 鲤城区,2018,1
红耳彩龟,22.37267792146093,114.13739429964244,香港特别行政区,,,香港特别行政区,2018,45
红耳彩龟,31.162980006993923,121.43940435148488,上海市,上海市,徐汇区,上海市 徐汇区,2019,2
红耳彩龟,23.738660167192396,120.96479657390617,台湾省,,,台湾省,2019,53
红耳彩龟,30.60475980905398,104.02568775357243,四川省,成都市,武侯区,四川省 成都市 武侯区,2019,2
红耳彩龟,30.67956726335655,103.98133640091255,四川省,成都市,青羊区,四川省 成都市 青羊区,2019,1
红耳彩龟,23.159803895574566,113.37623285672979,广东省,广州市,天河区,广东省 广州市 天河区,2019,1
红耳彩龟,22.97365613364083,113.40681932302805,广东省,广州市,番禺区,广东省 广州市 番禺区,2019,1
红耳彩龟,22.541479061573185,113.93692963007186,广东省,深圳市,南山区,广东省 深圳市 南山区,2019,3
红耳彩龟,22.63040438818055,114.35989497612883,广东省,深圳市,龙岗区,广东省 深圳市 龙岗区,2019,1
红耳彩龟,34.592738433051125,112.53972890805682,河南省,洛阳市,洛龙区,河南省 洛阳市 洛龙区,2019,1
红耳彩龟,30.6909033226184,114.07699884007437,湖北省,武汉市,东西湖区,湖北省 武汉市 东西湖区,2019,1
红耳彩龟,28.356664877971202,113.2351147463432,湖南省,长沙市,长沙县,湖南省 长沙市 长沙县,2019,1
红耳彩龟,22.15993981190928,113.56722957508072,澳门特别行政区,,,澳门特别行政区,2019,3
红耳彩龟,26.858540807165443,117.11825782776583,福建省,三明市,泰宁县,福建省 三明市 泰宁县,2019,1
红耳彩龟,24.447230973457188,118.36778692074434,福建省,泉州市,金门县,福建省 泉州市 金门县,2019,1
红耳彩龟,25.615003735213055,119.38411295332706,福建省,福州市,福清市,福建省 福州市 福清市,2019,1
红耳彩龟,22.37267792146093,114.13739429964244,香港特别行政区,,,香港特别行政区,2019,64
红耳彩龟,31.162980006993923,121.43940435148488,上海市,上海市,徐汇区,上海市 徐汇区,2020,1
红耳彩龟,21.731777234582836,101.45274215689176,云南省,西双版纳傣族自治州,勐腊县,云南省 西双版纳傣族自治州 勐腊县,2020,2
红耳彩龟,23.738660167192396,120.96479657390617,台湾省,,,台湾省,2020,59
红耳彩龟,36.06566625003413,120.36468003699656,山东省,青岛市,市南区,山东省 青岛市 市南区,2020,1
红耳彩龟,22.93174639737353,113.88000258731022,广东省,东莞市,东莞市,广东省 东莞市 东莞市,2020,2
红耳彩龟,22.593632942589913,114.27510042512219,广东省,深圳市,盐田区,广东省 深圳市 盐田区,2020,1
红耳彩龟,22.54342661680557,114.04658779242284,广东省,深圳市,福田区,广东省 深圳市 福田区,2020,2
红耳彩龟,32.05282135518315,118.56283041725607,江苏省,南京市,浦口区,江苏省 南京市 浦口区,2020,1
红耳彩龟,28.648953841126747,121.48015916367339,浙江省,台州市,椒江区,浙江省 台州市 椒江区,2020,1
红耳彩龟,22.37267792146093,114.13739429964244,香港特别行政区,,,香港特别行政区,2020,77
红耳彩龟,31.162980006993923,121.43940435148488,上海市,上海市,徐汇区,上海市 徐汇区,2021,1
红耳彩龟,31.08715896575899,121.7503353068396,上海市,上海市,浦东新区,上海市 浦东新区,2021,3
红耳彩龟,31.27079979954178,121.45065668498965,上海市,上海市,静安区,上海市 静安区,2021,1
红耳彩龟,21.731777234582836,101.45274215689176,云南省,西双版纳傣族自治州,勐腊县,云南省 西双版纳傣族自治州 勐腊县,2021,1
红耳彩龟,39.83570937205291,116.25036719845197,北京市,北京市,丰台区,北京市 丰台区,2021,1
红耳彩龟,23.738660167192396,120.96479657390617,台湾省,,,台湾省,2021,98
红耳彩龟,30.60475980905398,104.02568775357243,四川省,成都市,武侯区,四川省 成都市 武侯区,2021,1
红耳彩龟,31.0326462732468,103.63085219480605,四川省,成都市,都江堰市,四川省 成都市 都江堰市,2021,1
红耳彩龟,31.867770649775913,117.06122372875143,安徽省,合肥市,蜀山区,安徽省 合肥市 蜀山区,2021,1
红耳彩龟,36.24015528809495,119.95321908248549,山东省,青岛市,胶州市,山东省 青岛市 胶州市,2021,1
红耳彩龟,23.081999246379624,113.32667665541175,广东省,广州市,海珠区,广东省 广州市 海珠区,2021,1
红耳彩龟,22.97365613364083,113.40681932302805,广东省,广州市,番禺区,广东省 广州市 番禺区,2021,1
红耳彩龟,22.54342661680557,114.04658779242284,广东省,深圳市,福田区,广东省 深圳市 福田区,2021,3
红耳彩龟,22.214275563004684,113.60911530547327,广东省,珠海市,香洲区,广东省 珠海市 香洲区,2021,2
红耳彩龟,22.95877511075617,108.54518301395117,广西壮族自治区,南宁市,兴宁区,广西壮族自治区 南宁市 兴宁区,2021,1
红耳彩龟,32.15966845556967,118.95897002782178,江苏省,南京市,栖霞区,江苏省 南京市 栖霞区,2021,1
红耳彩龟,32.06506302713147,118.84299833400301,江苏省,南京市,玄武区,江苏省 南京市 玄武区,2021,3
红耳彩龟,31.924210116291782,119.88630936928072,江苏省,常州市,新北区,江苏省 常州市 新北区,2021,1
红耳彩龟,34.57024169489561,119.18135020683924,江苏省,连云港市,海州区,江苏省 连云港市 海州区,2021,1
红耳彩龟,30.200961806830172,120.08341957657353,浙江省,杭州市,西湖区,浙江省 杭州市 西湖区,2021,1
红耳彩龟,27.39484977957842,120.44768385896722,浙江省,温州市,苍南县,浙江省 温州市 苍南县,2021,1
红耳彩龟,18.639683397281004,109.02960479573402,海南省,乐东黎族自治县,乐东黎族自治县,海南省 乐东黎族自治县 乐东黎族自治县,2021,1
红耳彩龟,30.544764873720812,114.33971533320276,湖北省,武汉市,武昌区,湖北省 武汉市 武昌区,2021,1
红耳彩龟,22.15993981190928,113.56722957508072,澳门特别行政区,,,澳门特别行政区,2021,4
红耳彩龟,24.447230973457188,118.36778692074434,福建省,泉州市,金门县,福建省 泉州市 金门县,2021,2
红耳彩龟,22.37267792146093,114.13739429964244,香港特别行政区,,,香港特别行政区,2021,101
红耳彩龟,31.257905898536766,121.39204249947997,上海市,上海市,普陀区,上海市 普陀区,2022,1
红耳彩龟,31.21594260789715,121.48357101237309,上海市,上海市,黄浦区,上海市 黄浦区,2022,1
红耳彩龟,24.973730320185417,102.55696696887667,云南省,昆明市,西山区,云南省 昆明市 西山区,2022,1
红耳彩龟,27.2069756831602,103.42047450454622,云南省,昭通市,鲁甸县,云南省 昭通市 鲁甸县,2022,1
红耳彩龟,22.10514352375971,100.91894501697938,云南省,西双版纳傣族自治州,景洪市,云南省 西双版纳傣族自治州 景洪市,2022,1
红耳彩龟,39.64765271300637,116.418919264899,北京市,北京市,大兴区,北京市 大兴区,2022,1
红耳彩龟,39.953521170225514,116.51534338013552,北京市,北京市,朝阳区,北京市 朝阳区,2022,1
红耳彩龟,23.738660167192396,120.96479657390617,台湾省,,,台湾省,2022,164
红耳彩龟,28.968321810203186,105.4485175735563,四川省,泸州市,龙马潭区,四川省 泸州市 龙马潭区,2022,1
红耳彩龟,31.867770649775913,117.06122372875143,安徽省,合肥市,蜀山区,安徽省 合肥市 蜀山区,2022,4
红耳彩龟,22.97365613364083,113.40681932302805,广东省,广州市,番禺区,广东省 广州市 番禺区,2022,1
红耳彩龟,23.289392822629097,113.32401256257137,广东省,广州市,白云区,广东省 广州市 白云区,2022,1
红耳彩龟,23.216988505018627,113.50815198341076,广东省,广州市,黄埔区,广东省 广州市 黄埔区,2022,1
红耳彩龟,23.347046136114745,114.2816982754256,广东省,惠州市,博罗县,广东省 惠州市 博罗县,2022,1
红耳彩龟,22.86185777663582,114.47268489427681,广东省,惠州市,惠阳区,广东省 惠州市 惠阳区,2022,1
红耳彩龟,22.541479061573185,113.93692963007186,广东省,深圳市,南山区,广东省 深圳市 南山区,2022,2
红耳彩龟,22.54342661680557,114.04658779242284,广东省,深圳市,福田区,广东省 深圳市 福田区,2022,5
红耳彩龟,22.63040438818055,114.35989497612883,广东省,深圳市,龙岗区,广东省 深圳市 龙岗区,2022,1
红耳彩龟,22.02976363207944,113.28463561885742,广东省,珠海市,金湾区,广东省 珠海市 金湾区,2022,1
红耳彩龟,22.214275563004684,113.60911530547327,广东省,珠海市,香洲区,广东省 珠海市 香洲区,2022,6
红耳彩龟,31.854567580099094,118.83075355526273,江苏省,南京市,江宁区,江苏省 南京市 江宁区,2022,1
红耳彩龟,32.05282135518315,118.56283041725607,江苏省,南京市,浦口区,江苏省 南京市 浦口区,2022,1
红耳彩龟,32.06506302713147,118.84299833400301,江苏省,南京市,玄武区,江苏省 南京市 玄武区,2022,2
红耳彩龟,32.08221781284136,118.7607115529403,江苏省,南京市,鼓楼区,江苏省 南京市 鼓楼区,2022,1
红耳彩龟,35.0990478494008,112.39794686878989,河南省,济源市,济源市,河南省 济源市 济源市,2022,1
红耳彩龟,30.200961806830172,120.08341957657353,浙江省,杭州市,西湖区,浙江省 杭州市 西湖区,2022,3
红耳彩龟,27.39484977957842,120.44768385896722,浙江省,温州市,苍南县,浙江省 温州市 苍南县,2022,1
红耳彩龟,29.86188805971844,122.26931586338577,浙江省,舟山市,普陀区,浙江省 舟山市 普陀区,2022,1
红耳彩龟,28.130463453618958,112.83623947699608,湖南省,长沙市,岳麓区,湖南省 长沙市 岳麓区,2022,2
红耳彩龟,22.15993981190928,113.56722957508072,澳门特别行政区,,,澳门特别行政区,2022,5
红耳彩龟,24.46169524033992,118.13139175692177,福建省,厦门市,思明区,福建省 厦门市 思明区,2022,1
红耳彩龟,24.447230973457188,118.36778692074434,福建省,泉州市,金门县,福建省 泉州市 金门县,2022,1
红耳彩龟,29.624415410376965,106.36822113531328,重庆市,重庆城区,沙坪坝区,重庆市 重庆城区 沙坪坝区,2022,1
红耳彩龟,22.37267792146093,114.13739429964244,香港特别行政区,,,香港特别行政区,2022,96
红耳彩龟,31.257905898536766,121.39204249947997,上海市,上海市,普陀区,上海市 普陀区,2023,1
红耳彩龟,31.08715896575899,121.7503353068396,上海市,上海市,浦东新区,上海市 浦东新区,2023,2
红耳彩龟,31.20739726769683,121.38096225131497,上海市,上海市,长宁区,上海市 长宁区,2023,1
红耳彩龟,31.21594260789715,121.48357101237309,上海市,上海市,黄浦区,上海市 黄浦区,2023,4
红耳彩龟,26.86430247652221,100.32422255995645,云南省,丽江市,古城区,云南省 丽江市 古城区,2023,1
红耳彩龟,25.26524557673928,102.82500131669401,云南省,昆明市,盘龙区,云南省 昆明市 盘龙区,2023,1
红耳彩龟,21.731777234582836,101.45274215689176,云南省,西双版纳傣族自治州,勐腊县,云南省 西双版纳傣族自治州 勐腊县,2023,1
红耳彩龟,22.10514352375971,100.91894501697938,云南省,西双版纳傣族自治州,景洪市,云南省 西双版纳傣族自治州 景洪市,2023,1
红耳彩龟,40.629592738554635,116.58600192135997,北京市,北京市,怀柔区,北京市 怀柔区,2023,2
红耳彩龟,40.02681354977087,116.23320722317207,北京市,北京市,海淀区,北京市 海淀区,2023,6
红耳彩龟,23.738660167192396,120.96479657390617,台湾省,,,台湾省,2023,253
红耳彩龟,31.867770649775913,117.06122372875143,安徽省,合肥市,蜀山区,安徽省 合肥市 蜀山区,2023,1
红耳彩龟,30.89604322263248,116.21323042058489,安徽省,安庆市,岳西县,安徽省 安庆市 岳西县,2023,1
红耳彩龟,30.595564666239113,117.90009109083483,安徽省,池州市,青阳县,安徽省 池州市 青阳县,2023,3
红耳彩龟,36.187885482145155,120.58140118478666,山东省,青岛市,崂山区,山东省 青岛市 崂山区,2023,1
红耳彩龟,36.06566625003413,120.36468003699656,山东省,青岛市,市南区,山东省 青岛市 市南区,2023,1
红耳彩龟,36.185607934886086,120.42269823175633,山东省,青岛市,李沧区,山东省 青岛市 李沧区,2023,1
红耳彩龟,22.841331704709162,113.18393132874697,广东省,佛山市,顺德区,广东省 佛山市 顺德区,2023,2
红耳彩龟,22.745674175645085,113.5378788175765,广东省,广州市,南沙区,广东省 广州市 南沙区,2023,1
红耳彩龟,23.132948647625756,113.28139897893489,广东省,广州市,越秀区,广东省 广州市 越秀区,2023,1
红耳彩龟,22.54342661680557,114.04658779242284,广东省,深圳市,福田区,广东省 深圳市 福田区,2023,3
红耳彩龟,22.574805405889677,114.14808460667635,广东省,深圳市,罗湖区,广东省 深圳市 罗湖区,2023,1
红耳彩龟,24.363079471531243,109.46492429587704,广西壮族自治区,柳州市,城中区,广西壮族自治区 柳州市 城中区,2023,1
红耳彩龟,31.854567580099094,118.83075355526273,江苏省,南京市,江宁区,江苏省 南京市 江宁区,2023,1
红耳彩龟,32.06506302713147,118.84299833400301,江苏省,南京市,玄武区,江苏省 南京市 玄武区,2023,1
红耳彩龟,39.05322337087175,115.90096069463783,河北省,保定市,容城县,河北省 保定市 容城县,2023,1
红耳彩龟,30.201318342971373,119.3427930229022,浙江省,杭州市,临安区,浙江省 杭州市 临安区,2023,2
红耳彩龟,30.200961806830172,120.08341957657353,浙江省,杭州市,西湖区,浙江省 杭州市 西湖区,2023,3
红耳彩龟,28.130463453618958,112.83623947699608,湖南省,长沙市,岳麓区,湖南省 长沙市 岳麓区,2023,3
红耳彩龟,22.15993981190928,113.56722957508072,澳门特别行政区,,,澳门特别行政区,2023,8
红耳彩龟,34.39509513960626,105.62772576740637,甘肃省,天水市,秦州区,甘肃省 天水市 秦州区,2023,1
红耳彩龟,24.46169524033992,118.13139175692177,福建省,厦门市,思明区,福建省 厦门市 思明区,2023,1
红耳彩龟,24.629009674360727,118.02747753230996,福建省,厦门市,集美区,福建省 厦门市 集美区,2023,1
红耳彩龟,24.447230973457188,118.36778692074434,福建省,泉州市,金门县,福建省 泉州市 金门县,2023,7
红耳彩龟,26.015794958867875,119.32125889211198,福建省,福州市,仓山区,福建省 福州市 仓山区,2023,1
红耳彩龟,29.549356620315667,106.54038735037236,重庆市,重庆城区,渝中区,重庆市 重庆城区 渝中区,2023,1
红耳彩龟,22.37267792146093,114.13739429964244,香港特别行政区,,,香港特别行政区,2023,110
红耳彩龟,31.162980006993923,121.43940435148488,上海市,上海市,徐汇区,上海市 徐汇区,2024,1
红耳彩龟,31.298340163433966,121.52930289134517,上海市,上海市,杨浦区,上海市 杨浦区,2024,1
红耳彩龟,31.08715896575899,121.7503353068396,上海市,上海市,浦东新区,上海市 浦东新区,2024,1
红耳彩龟,31.276642708043294,121.48544532838862,上海市,上海市,虹口区,上海市 虹口区,2024,1
红耳彩龟,31.20739726769683,121.38096225131497,上海市,上海市,长宁区,上海市 长宁区,2024,2
红耳彩龟,31.21594260789715,121.48357101237309,上海市,上海市,黄浦区,上海市 黄浦区,2024,3
红耳彩龟,26.86430247652221,100.32422255995645,云南省,丽江市,古城区,云南省 丽江市 古城区,2024,1
红耳彩龟,25.74238483268029,100.21069268965762,云南省,大理白族自治州,大理市,云南省 大理白族自治州 大理市,2024,1
红耳彩龟,39.912882936117136,116.41667474305646,北京市,北京市,东城区,北京市 东城区,2024,1
红耳彩龟,39.953521170225514,116.51534338013552,北京市,北京市,朝阳区,北京市 朝阳区,2024,2
红耳彩龟,40.02681354977087,116.23320722317207,北京市,北京市,海淀区,北京市 海淀区,2024,5
红耳彩龟,39.912118804111465,116.36565977141743,北京市,北京市,西城区,北京市 西城区,2024,4
红耳彩龟,39.993993520416836,115.79170299985925,北京市,北京市,门头沟区,北京市 门头沟区,2024,1
红耳彩龟,23.738660167192396,120.96479657390617,台湾省,,,台湾省,2024,250
红耳彩龟,30.67956726335655,103.98133640091255,四川省,成都市,青羊区,四川省 成都市 青羊区,2024,6
红耳彩龟,31.243886546602038,117.79660241286211,安徽省,芜湖市,无为市,安徽省 芜湖市 无为市,2024,1
红耳彩龟,37.11817105806753,122.0045886806982,山东省,威海市,文登区,山东省 威海市 文登区,2024,1
红耳彩龟,36.65497347269524,117.09702458433573,山东省,济南市,历下区,山东省 济南市 历下区,2024,2
红耳彩龟,36.06566625003413,120.36468003699656,山东省,青岛市,市南区,山东省 青岛市 市南区,2024,2
红耳彩龟,23.159803895574566,113.37623285672979,广东省,广州市,天河区,广东省 广州市 天河区,2024,1
红耳彩龟,22.541479061573185,113.93692963007186,广东省,深圳市,南山区,广东省 深圳市 南山区,2024,2
红耳彩龟,22.674589628871967,113.85640038333402,广东省,深圳市,宝安区,广东省 深圳市 宝安区,2024,1
红耳彩龟,22.574805405889677,114.14808460667635,广东省,深圳市,罗湖区,广东省 深圳市 罗湖区,2024,3
红耳彩龟,22.63040438818055,114.35989497612883,广东省,深圳市,龙岗区,广东省 深圳市 龙岗区,2024,3
红耳彩龟,22.818875067966935,108.65476914261244,广西壮族自治区,南宁市,青秀区,广西壮族自治区 南宁市 青秀区,2024,1
红耳彩龟,25.19826763278626,110.28057453228561,广西壮族自治区,桂林市,象山区,广西壮族自治区 桂林市 象山区,2024,1
红耳彩龟,32.15966845556967,118.95897002782178,江苏省,南京市,栖霞区,江苏省 南京市 栖霞区,2024,1
红耳彩龟,31.854567580099094,118.83075355526273,江苏省,南京市,江宁区,江苏省 南京市 江宁区,2024,3
红耳彩龟,32.06506302713147,118.84299833400301,江苏省,南京市,玄武区,江苏省 南京市 玄武区,2024,2
红耳彩龟,32.08221781284136,118.7607115529403,江苏省,南京市,鼓楼区,江苏省 南京市 鼓楼区,2024,1
红耳彩龟,31.95053721998407,120.9039722016565,江苏省,南通市,崇川区,江苏省 南通市 崇川区,2024,3
红耳彩龟,31.506674690542557,120.42909352237744,江苏省,无锡市,新吴区,江苏省 无锡市 新吴区,2024,1
红耳彩龟,31.580372736407195,120.29923572072268,江苏省,无锡市,梁溪区,江苏省 无锡市 梁溪区,2024,1
红耳彩龟,28.65643416264921,115.98170906725052,江西省,南昌市,青山湖区,江西省 南昌市 青山湖区,2024,1
红耳彩龟,36.503849147945466,114.48283607170404,河北省,邯郸市,邯山区,河北省 邯郸市 邯山区,2024,1
红耳彩龟,29.749044458608836,121.6737041963906,浙江省,宁波市,鄞州区,浙江省 宁波市 鄞州区,2024,2
红耳彩龟,29.992990680905802,121.61815482296896,浙江省,宁波市,镇海区,浙江省 宁波市 镇海区,2024,1
红耳彩龟,30.28858928139291,120.21902207307899,浙江省,杭州市,上城区,浙江省 杭州市 上城区,2024,1
红耳彩龟,30.200961806830172,120.08341957657353,浙江省,杭州市,西湖区,浙江省 杭州市 西湖区,2024,1
红耳彩龟,28.240455664069405,121.01858439874198,浙江省,温州市,乐清市,浙江省 温州市 乐清市,2024,1
红耳彩龟,30.01108084441516,120.65120993152188,浙江省,绍兴市,越城区,浙江省 绍兴市 越城区,2024,3
红耳彩龟,29.86188805971844,122.26931586338577,浙江省,舟山市,普陀区,浙江省 舟山市 普陀区,2024,1
红耳彩龟,18.368406507859152,109.12508368437187,海南省,三亚市,崖州区,海南省 三亚市 崖州区,2024,1
红耳彩龟,19.8681884395923,110.33591944156042,海南省,海口市,龙华区,海南省 海口市 龙华区,2024,1
红耳彩龟,28.130463453618958,112.83623947699608,湖南省,长沙市,岳麓区,湖南省 长沙市 岳麓区,2024,1
红耳彩龟,22.15993981190928,113.56722957508072,澳门特别行政区,,,澳门特别行政区,2024,16
红耳彩龟,37.13891903012421,104.05119990086695,甘肃省,白银市,景泰县,甘肃省 白银市 景泰县,2024,1
红耳彩龟,24.46169524033992,118.13139175692177,福建省,厦门市,思明区,福建省 厦门市 思明区,2024,2
红耳彩龟,24.91719173334794,118.62700691750129,福建省,泉州市,丰泽区,福建省 泉州市 丰泽区,2024,2
红耳彩龟,24.447230973457188,118.36778692074434,福建省,泉州市,金门县,福建省 泉州市 金门县,2024,2
红耳彩龟,26.09251791817627,119.28380960629795,福建省,福州市,鼓楼区,福建省 福州市 鼓楼区,2024,2
红耳彩龟,26.7335066861496,106.68585191265629,贵州省,贵阳市,白云区,贵州省 贵阳市 白云区,2024,1
红耳彩龟,22.37267792146093,114.13739429964244,香港特别行政区,,,香港特别行政区,2024,86
红耳彩龟,31.392070197057475,121.4048721439436,上海市,上海市,宝山区,上海市 宝山区,2025,1
红耳彩龟,31.162980006993923,121.43940435148488,上海市,上海市,徐汇区,上海市 徐汇区,2025,4
红耳彩龟,31.257905898536766,121.39204249947997,上海市,上海市,普陀区,上海市 普陀区,2025,1
红耳彩龟,31.298340163433966,121.52930289134517,上海市,上海市,杨浦区,上海市 杨浦区,2025,2
红耳彩龟,31.08715896575899,121.7503353068396,上海市,上海市,浦东新区,上海市 浦东新区,2025,1
红耳彩龟,31.20739726769683,121.38096225131497,上海市,上海市,长宁区,上海市 长宁区,2025,3
红耳彩龟,31.21594260789715,121.48357101237309,上海市,上海市,黄浦区,上海市 黄浦区,2025,3
红耳彩龟,25.189558553208744,102.658649035696,云南省,昆明市,五华区,云南省 昆明市 五华区,2025,1
红耳彩龟,24.864278812007335,102.85549718211085,云南省,昆明市,呈贡区,云南省 昆明市 呈贡区,2025,2
红耳彩龟,25.05826025446868,102.88600693304276,云南省,昆明市,官渡区,云南省 昆明市 官渡区,2025,1
红耳彩龟,25.26524557673928,102.82500131669401,云南省,昆明市,盘龙区,云南省 昆明市 盘龙区,2025,2
红耳彩龟,24.973730320185417,102.55696696887667,云南省,昆明市,西山区,云南省 昆明市 西山区,2025,1
红耳彩龟,23.6768238018943,102.8830182025628,云南省,红河哈尼族彝族自治州,建水县,云南省 红河哈尼族彝族自治州 建水县,2025,1
红耳彩龟,23.3316065700784,103.4867094254675,云南省,红河哈尼族彝族自治州,蒙自市,云南省 红河哈尼族彝族自治州 蒙自市,2025,1
红耳彩龟,21.731777234582836,101.45274215689176,云南省,西双版纳傣族自治州,勐腊县,云南省 西双版纳傣族自治州 勐腊县,2025,1
红耳彩龟,39.912882936117136,116.41667474305646,北京市,北京市,东城区,北京市 东城区,2025,2
红耳彩龟,39.83570937205291,116.25036719845197,北京市,北京市,丰台区,北京市 丰台区,2025,2
红耳彩龟,40.629592738554635,116.58600192135997,北京市,北京市,怀柔区,北京市 怀柔区,2025,1
红耳彩龟,39.719041099050266,115.85399508071166,北京市,北京市,房山区,北京市 房山区,2025,1
红耳彩龟,40.215334377460785,116.21061096686512,北京市,北京市,昌平区,北京市 昌平区,2025,1
红耳彩龟,39.953521170225514,116.51534338013552,北京市,北京市,朝阳区,北京市 朝阳区,2025,4
红耳彩龟,40.02681354977087,116.23320722317207,北京市,北京市,海淀区,北京市 海淀区,2025,4
红耳彩龟,39.912118804111465,116.36565977141743,北京市,北京市,西城区,北京市 西城区,2025,2
红耳彩龟,23.738660167192396,120.96479657390617,台湾省,,,台湾省,2025,366
红耳彩龟,28.860793704177684,104.3496310596758,四川省,宜宾市,叙州区,四川省 宜宾市 叙州区,2025,1
红耳彩龟,30.60475980905398,104.02568775357243,四川省,成都市,武侯区,四川省 成都市 武侯区,2025,1
红耳彩龟,30.234204541256545,103.49150574678387,四川省,成都市,蒲江县,四川省 成都市 蒲江县,2025,1
红耳彩龟,31.0326462732468,103.63085219480605,四川省,成都市,都江堰市,四川省 成都市 都江堰市,2025,2
红耳彩龟,30.60116712749977,104.11510149183577,四川省,成都市,锦江区,四川省 成都市 锦江区,2025,1
红耳彩龟,30.67956726335655,103.98133640091255,四川省,成都市,青羊区,四川省 成都市 青羊区,2025,5
红耳彩龟,40.00318512821577,117.43492559490346,天津市,天津市,蓟州区,天津市 蓟州区,2025,1
红耳彩龟,30.00747162260447,117.9042164959516,安徽省,黄山市,黟县,安徽省 黄山市 黟县,2025,1
红耳彩龟,34.625613134885526,118.32315431822742,山东省,临沂市,郯城县,山东省 临沂市 郯城县,2025,1
红耳彩龟,36.187885482145155,120.58140118478666,山东省,青岛市,崂山区,山东省 青岛市 崂山区,2025,2
红耳彩龟,36.185607934886086,120.42269823175633,山东省,青岛市,李沧区,山东省 青岛市 李沧区,2025,1
红耳彩龟,22.51752542481116,113.4045298350969,广东省,中山市,中山市,广东省 中山市 中山市,2025,1
红耳彩龟,23.069051312069263,113.03545441178815,广东省,佛山市,南海区,广东省 佛山市 南海区,2025,1
红耳彩龟,23.159803895574566,113.37623285672979,广东省,广州市,天河区,广东省 广州市 天河区,2025,1
红耳彩龟,22.97365613364083,113.40681932302805,广东省,广州市,番禺区,广东省 广州市 番禺区,2025,1
红耳彩龟,23.088038389909027,113.22780515462921,广东省,广州市,荔湾区,广东省 广州市 荔湾区,2025,1
红耳彩龟,23.503949761392796,116.44977430000361,广东省,揭阳市,榕城区,广东省 揭阳市 榕城区,2025,1
红耳彩龟,23.39062781880467,116.76062184930653,广东省,汕头市,龙湖区,广东省 汕头市 龙湖区,2025,1
红耳彩龟,22.541479061573185,113.93692963007186,广东省,深圳市,南山区,广东省 深圳市 南山区,2025,2
红耳彩龟,22.674589628871967,113.85640038333402,广东省,深圳市,宝安区,广东省 深圳市 宝安区,2025,1
红耳彩龟,22.54342661680557,114.04658779242284,广东省,深圳市,福田区,广东省 深圳市 福田区,2025,3
红耳彩龟,22.574805405889677,114.14808460667635,广东省,深圳市,罗湖区,广东省 深圳市 罗湖区,2025,1
红耳彩龟,22.214275563004684,113.60911530547327,广东省,珠海市,香洲区,广东省 珠海市 香洲区,2025,2
红耳彩龟,22.44136653741534,108.35447495383694,广西壮族自治区,南宁市,良庆区,广西壮族自治区 南宁市 良庆区,2025,1
红耳彩龟,31.854567580099094,118.83075355526273,江苏省,南京市,江宁区,江苏省 南京市 江宁区,2025,1
红耳彩龟,32.05282135518315,118.56283041725607,江苏省,南京市,浦口区,江苏省 南京市 浦口区,2025,1
红耳彩龟,32.06506302713147,118.84299833400301,江苏省,南京市,玄武区,江苏省 南京市 玄武区,2025,1
红耳彩龟,32.012408623152794,118.81691970196191,江苏省,南京市,秦淮区,江苏省 南京市 秦淮区,2025,1
红耳彩龟,31.83236170159891,120.3036271868192,江苏省,无锡市,江阴市,江苏省 无锡市 江阴市,2025,1
红耳彩龟,31.160860985648128,120.3590743385982,江苏省,苏州市,吴中区,江苏省 苏州市 吴中区,2025,1
红耳彩龟,31.31774844665517,120.59797696483737,江苏省,苏州市,姑苏区,江苏省 苏州市 姑苏区,2025,1
红耳彩龟,34.57024169489561,119.18135020683924,江苏省,连云港市,海州区,江苏省 连云港市 海州区,2025,1
红耳彩龟,32.18014663013222,119.64710388059464,江苏省,镇江市,京口区,江苏省 镇江市 京口区,2025,1
红耳彩龟,31.92606861914337,119.20063465173791,江苏省,镇江市,句容市,江苏省 镇江市 句容市,2025,1
红耳彩龟,28.65643416264921,115.98170906725052,江西省,南昌市,青山湖区,江西省 南昌市 青山湖区,2025,3
红耳彩龟,30.89951747769026,120.90231603802168,浙江省,嘉兴市,嘉善县,浙江省 嘉兴市 嘉善县,2025,1
红耳彩龟,30.201318342971373,119.3427930229022,浙江省,杭州市,临安区,浙江省 杭州市 临安区,2025,4
红耳彩龟,30.200961806830172,120.08341957657353,浙江省,杭州市,西湖区,浙江省 杭州市 西湖区,2025,6
红耳彩龟,29.40805612199742,120.96926470598132,浙江省,绍兴市,新昌县,浙江省 绍兴市 新昌县,2025,1
红耳彩龟,30.059696723243665,122.062702094905,浙江省,舟山市,定海区,浙江省 舟山市 定海区,2025,1
红耳彩龟,29.86188805971844,122.26931586338577,浙江省,舟山市,普陀区,浙江省 舟山市 普陀区,2025,6
红耳彩龟,18.368406507859152,109.12508368437187,海南省,三亚市,崖州区,海南省 三亚市 崖州区,2025,4
红耳彩龟,19.907278042869024,110.22924746939891,海南省,海口市,秀英区,海南省 海口市 秀英区,2025,2
红耳彩龟,19.95845338633753,110.51742667945966,海南省,海口市,美兰区,海南省 海口市 美兰区,2025,1
红耳彩龟,28.130463453618958,112.83623947699608,湖南省,长沙市,岳麓区,湖南省 长沙市 岳麓区,2025,1
红耳彩龟,22.15993981190928,113.56722957508072,澳门特别行政区,,,澳门特别行政区,2025,51
红耳彩龟,26.858540807165443,117.11825782776583,福建省,三明市,泰宁县,福建省 三明市 泰宁县,2025,1
红耳彩龟,24.46169524033992,118.13139175692177,福建省,厦门市,思明区,福建省 厦门市 思明区,2025,2
红耳彩龟,24.642317960756237,118.27260386391765,福建省,厦门市,翔安区,福建省 厦门市 翔安区,2025,1
红耳彩龟,24.91719173334794,118.62700691750129,福建省,泉州市,丰泽区,福建省 泉州市 丰泽区,2025,1
红耳彩龟,24.447230973457188,118.36778692074434,福建省,泉州市,金门县,福建省 泉州市 金门县,2025,2
红耳彩龟,25.615003735213055,119.38411295332706,福建省,福州市,福清市,福建省 福州市 福清市,2025,2
红耳彩龟,26.303125427655004,119.59130361485971,福建省,福州市,连江县,福建省 福州市 连江县,2025,1
红耳彩龟,28.719283457877527,95.00197454835524,西藏自治区,林芝市,墨脱县,西藏自治区 林芝市 墨脱县,2025,1
红耳彩龟,26.5432553664777,106.78220086276717,贵州省,贵阳市,南明区,贵州省 贵阳市 南明区,2025,1
红耳彩龟,41.94196394274874,123.90788156069367,辽宁省,抚顺市,顺城区,辽宁省 抚顺市 顺城区,2025,1
红耳彩龟,41.89767882517343,123.25757716807344,辽宁省,沈阳市,于洪区,辽宁省 沈阳市 于洪区,2025,1
红耳彩龟,22.37267792146093,114.13739429964244,香港特别行政区,,,香港特别行政区,2025,125
红耳彩龟,31.392070197057475,121.4048721439436,上海市,上海市,宝山区,上海市 宝山区,2026,1
红耳彩龟,26.48485754886903,100.69890631473423,云南省,丽江市,永胜县,云南省 丽江市 永胜县,2026,1
红耳彩龟,21.731777234582836,101.45274215689176,云南省,西双版纳傣族自治州,勐腊县,云南省 西双版纳傣族自治州 勐腊县,2026,2
红耳彩龟,40.02681354977087,116.23320722317207,北京市,北京市,海淀区,北京市 海淀区,2026,1
红耳彩龟,23.738660167192396,120.96479657390617,台湾省,,,台湾省,2026,39
红耳彩龟,29.60670052875726,103.79143416660128,四川省,乐山市,市中区,四川省 乐山市 市中区,2026,4
红耳彩龟,30.60475980905398,104.02568775357243,四川省,成都市,武侯区,四川省 成都市 武侯区,2026,1
红耳彩龟,30.67956726335655,103.98133640091255,四川省,成都市,青羊区,四川省 成都市 青羊区,2026,2
红耳彩龟,22.51752542481116,113.4045298350969,广东省,中山市,中山市,广东省 中山市 中山市,2026,1
红耳彩龟,23.159803895574566,113.37623285672979,广东省,广州市,天河区,广东省 广州市 天河区,2026,1
红耳彩龟,23.081999246379624,113.32667665541175,广东省,广州市,海珠区,广东省 广州市 海珠区,2026,2
红耳彩龟,23.289392822629097,113.32401256257137,广东省,广州市,白云区,广东省 广州市 白云区,2026,1
红耳彩龟,22.381418778110614,113.02918775245519,广东省,江门市,新会区,广东省 江门市 新会区,2026,1
红耳彩龟,22.674589628871967,113.85640038333402,广东省,深圳市,宝安区,广东省 深圳市 宝安区,2026,1
红耳彩龟,22.54342661680557,114.04658779242284,广东省,深圳市,福田区,广东省 深圳市 福田区,2026,2
红耳彩龟,23.907437390846056,112.82909965253033,广东省,清远市,清新区,广东省 清远市 清新区,2026,1
红耳彩龟,24.33068122117014,111.77682162751674,广西壮族自治区,贺州市,八步区,广西壮族自治区 贺州市 八步区,2026,1
红耳彩龟,19.95845338633753,110.51742667945966,海南省,海口市,美兰区,海南省 海口市 美兰区,2026,1
红耳彩龟,22.15993981190928,113.56722957508072,澳门特别行政区,,,澳门特别行政区,2026,3
红耳彩龟,25.01034692391636,118.38209340128194,福建省,泉州市,南安市,福建省 泉州市 南安市,2026,1
红耳彩龟,24.447230973457188,118.36778692074434,福建省,泉州市,金门县,福建省 泉州市 金门县,2026,2
红耳彩龟,26.219728444432167,119.30759342469104,福建省,福州市,晋安区,福建省 福州市 晋安区,2026,1
红耳彩龟,26.303125427655004,119.59130361485971,福建省,福州市,连江县,福建省 福州市 连江县,2026,1
红耳彩龟,22.37267792146093,114.13739429964244,香港特别行政区,,,香港特别行政区,2026,26
美洲牛蛙,27.858142815545627,102.13647417088436,四川省,凉山彝族自治州,西昌市,四川省 凉山彝族自治州 西昌市,1992,1
美洲牛蛙,31.27079979954178,121.45065668498965,上海市,上海市,静安区,上海市 静安区,1994,1
美洲牛蛙,23.738660167192396,120.96479657390617,台湾省,,,台湾省,2000,1
美洲牛蛙,23.433238210068378,117.06250398136271,广东省,汕头市,南澳县,广东省 汕头市 南澳县,2000,1
美洲牛蛙,23.738660167192396,120.96479657390617,台湾省,,,台湾省,2005,2
美洲牛蛙,24.973730320185417,102.55696696887667,云南省,昆明市,西山区,云南省 昆明市 西山区,2006,1
美洲牛蛙,23.738660167192396,120.96479657390617,台湾省,,,台湾省,2006,2
美洲牛蛙,23.738660167192396,120.96479657390617,台湾省,,,台湾省,2009,1
美洲牛蛙,23.738660167192396,120.96479657390617,台湾省,,,台湾省,2010,2
美洲牛蛙,23.738660167192396,120.96479657390617,台湾省,,,台湾省,2011,4
美洲牛蛙,23.738660167192396,120.96479657390617,台湾省,,,台湾省,2012,1
美洲牛蛙,37.27314740642859,121.57455576688082,山东省,烟台市,牟平区,山东省 烟台市 牟平区,2012,1
美洲牛蛙,25.189558553208744,102.658649035696,云南省,昆明市,五华区,云南省 昆明市 五华区,2013,1
美洲牛蛙,23.738660167192396,120.96479657390617,台湾省,,,台湾省,2013,10
美洲牛蛙,23.738660167192396,120.96479657390617,台湾省,,,台湾省,2014,13
美洲牛蛙,31.21594260789715,121.48357101237309,上海市,上海市,黄浦区,上海市 黄浦区,2015,1
美洲牛蛙,23.738660167192396,120.96479657390617,台湾省,,,台湾省,2015,7
美洲牛蛙,25.189558553208744,102.658649035696,云南省,昆明市,五华区,云南省 昆明市 五华区,2016,1
美洲牛蛙,23.738660167192396,120.96479657390617,台湾省,,,台湾省,2016,9
美洲牛蛙,27.858142815545627,102.13647417088436,四川省,凉山彝族自治州,西昌市,四川省 凉山彝族自治州 西昌市,2016,1
美洲牛蛙,23.738660167192396,120.96479657390617,台湾省,,,台湾省,2017,8
美洲牛蛙,30.67956726335655,103.98133640091255,四川省,成都市,青羊区,四川省 成都市 青羊区,2017,1
美洲牛蛙,37.71857040653574,115.66335484284735,河北省,衡水市,桃城区,河北省 衡水市 桃城区,2017,1
美洲牛蛙,25.271717101278412,98.49543396340404,云南省,保山市,腾冲市,云南省 保山市 腾冲市,2018,1
美洲牛蛙,40.02681354977087,116.23320722317207,北京市,北京市,海淀区,北京市 海淀区,2018,1
美洲牛蛙,23.738660167192396,120.96479657390617,台湾省,,,台湾省,2018,11
美洲牛蛙,29.500879293701534,103.39346982078396,四川省,乐山市,峨眉山市,四川省 乐山市 峨眉山市,2018,1
美洲牛蛙,25.74238483268029,100.21069268965762,云南省,大理白族自治州,大理市,云南省 大理白族自治州 大理市,2019,1
美洲牛蛙,39.953521170225514,116.51534338013552,北京市,北京市,朝阳区,北京市 朝阳区,2019,1
美洲牛蛙,23.738660167192396,120.96479657390617,台湾省,,,台湾省,2019,3
美洲牛蛙,30.60475980905398,104.02568775357243,四川省,成都市,武侯区,四川省 成都市 武侯区,2019,2
美洲牛蛙,22.541479061573185,113.93692963007186,广东省,深圳市,南山区,广东省 深圳市 南山区,2019,1
美洲牛蛙,22.54342661680557,114.04658779242284,广东省,深圳市,福田区,广东省 深圳市 福田区,2019,1
美洲牛蛙,39.34541043568767,116.28442327783571,河北省,廊坊市,固安县,河北省 廊坊市 固安县,2019,1
美洲牛蛙,41.859567381069446,123.42562488699211,辽宁省,沈阳市,皇姑区,辽宁省 沈阳市 皇姑区,2019,1
美洲牛蛙,31.162980006993923,121.43940435148488,上海市,上海市,徐汇区,上海市 徐汇区,2020,1
美洲牛蛙,25.189558553208744,102.658649035696,云南省,昆明市,五华区,云南省 昆明市 五华区,2020,1
美洲牛蛙,23.738660167192396,120.96479657390617,台湾省,,,台湾省,2020,9
美洲牛蛙,22.541479061573185,113.93692963007186,广东省,深圳市,南山区,广东省 深圳市 南山区,2020,1
美洲牛蛙,22.54342661680557,114.04658779242284,广东省,深圳市,福田区,广东省 深圳市 福田区,2020,2
美洲牛蛙,24.864278812007335,102.85549718211085,云南省,昆明市,呈贡区,云南省 昆明市 呈贡区,2021,2
美洲牛蛙,39.953521170225514,116.51534338013552,北京市,北京市,朝阳区,北京市 朝阳区,2021,1
美洲牛蛙,23.738660167192396,120.96479657390617,台湾省,,,台湾省,2021,7
美洲牛蛙,30.60475980905398,104.02568775357243,四川省,成都市,武侯区,四川省 成都市 武侯区,2021,1
美洲牛蛙,30.67956726335655,103.98133640091255,四川省,成都市,青羊区,四川省 成都市 青羊区,2021,1
美洲牛蛙,32.656640606914955,116.25834834358344,安徽省,阜阳市,颍上县,安徽省 阜阳市 颍上县,2021,1
美洲牛蛙,22.63040438818055,114.35989497612883,广东省,深圳市,龙岗区,广东省 深圳市 龙岗区,2021,1
美洲牛蛙,32.06506302713147,118.84299833400301,江苏省,南京市,玄武区,江苏省 南京市 玄武区,2021,1
美洲牛蛙,26.64357375130158,106.55377331876343,贵州省,贵阳市,观山湖区,贵州省 贵阳市 观山湖区,2021,1
美洲牛蛙,25.870266257313705,100.620603960668,云南省,大理白族自治州,宾川县,云南省 大理白族自治州 宾川县,2022,1
美洲牛蛙,24.864278812007335,102.85549718211085,云南省,昆明市,呈贡区,云南省 昆明市 呈贡区,2022,2
美洲牛蛙,40.215334377460785,116.21061096686512,北京市,北京市,昌平区,北京市 昌平区,2022,1
美洲牛蛙,23.738660167192396,120.96479657390617,台湾省,,,台湾省,2022,1
美洲牛蛙,36.605874527519696,117.18422256378997,山东省,济南市,历城区,山东省 济南市 历城区,2022,1
美洲牛蛙,22.541479061573185,113.93692963007186,广东省,深圳市,南山区,广东省 深圳市 南山区,2022,1
美洲牛蛙,22.54342661680557,114.04658779242284,广东省,深圳市,福田区,广东省 深圳市 福田区,2022,1
美洲牛蛙,31.854567580099094,118.83075355526273,江苏省,南京市,江宁区,江苏省 南京市 江宁区,2022,1
美洲牛蛙,32.06506302713147,118.84299833400301,江苏省,南京市,玄武区,江苏省 南京市 玄武区,2022,2
美洲牛蛙,33.22958247948671,118.82222764131795,江苏省,淮安市,洪泽区,江苏省 淮安市 洪泽区,2022,1
美洲牛蛙,33.497126282978456,119.2960235055676,江苏省,淮安市,淮安区,江苏省 淮安市 淮安区,2022,1
美洲牛蛙,32.9654090441209,118.53023680116324,江苏省,淮安市,盱眙县,江苏省 淮安市 盱眙县,2022,1
美洲牛蛙,33.01288236142126,119.14316941754905,江苏省,淮安市,金湖县,江苏省 淮安市 金湖县,2022,2
美洲牛蛙,34.17001413086171,119.44096746515626,江苏省,连云港市,灌南县,江苏省 连云港市 灌南县,2022,2
美洲牛蛙,32.130258967396536,115.70361047305681,河南省,信阳市,固始县,河南省 信阳市 固始县,2022,1
美洲牛蛙,25.74238483268029,100.21069268965762,云南省,大理白族自治州,大理市,云南省 大理白族自治州 大理市,2023,1
美洲牛蛙,24.864278812007335,102.85549718211085,云南省,昆明市,呈贡区,云南省 昆明市 呈贡区,2023,3
美洲牛蛙,39.953521170225514,116.51534338013552,北京市,北京市,朝阳区,北京市 朝阳区,2023,1
美洲牛蛙,23.738660167192396,120.96479657390617,台湾省,,,台湾省,2023,3
美洲牛蛙,31.867770649775913,117.06122372875143,安徽省,合肥市,蜀山区,安徽省 合肥市 蜀山区,2023,1
美洲牛蛙,32.787327334235215,117.6043617669059,安徽省,滁州市,凤阳县,安徽省 滁州市 凤阳县,2023,1
美洲牛蛙,32.468096210985934,117.65832496333084,安徽省,滁州市,定远县,安徽省 滁州市 定远县,2023,1
美洲牛蛙,37.37756049672936,122.11415909939761,山东省,威海市,环翠区,山东省 威海市 环翠区,2023,1
美洲牛蛙,22.93174639737353,113.88000258731022,广东省,东莞市,东莞市,广东省 东莞市 东莞市,2023,1
美洲牛蛙,31.759984183749772,115.36821605827579,河南省,信阳市,商城县,河南省 信阳市 商城县,2023,4
美洲牛蛙,32.130258967396536,115.70361047305681,河南省,信阳市,固始县,河南省 信阳市 固始县,2023,3
美洲牛蛙,30.201318342971373,119.3427930229022,浙江省,杭州市,临安区,浙江省 杭州市 临安区,2023,1
美洲牛蛙,29.86188805971844,122.26931586338577,浙江省,舟山市,普陀区,浙江省 舟山市 普陀区,2023,2
美洲牛蛙,28.977008071479748,119.51022252521416,浙江省,金华市,婺城区,浙江省 金华市 婺城区,2023,1
美洲牛蛙,26.584582821270466,118.24764408059106,福建省,南平市,延平区,福建省 南平市 延平区,2023,1
美洲牛蛙,25.189558553208744,102.658649035696,云南省,昆明市,五华区,云南省 昆明市 五华区,2024,1
美洲牛蛙,24.864278812007335,102.85549718211085,云南省,昆明市,呈贡区,云南省 昆明市 呈贡区,2024,3
美洲牛蛙,25.26524557673928,102.82500131669401,云南省,昆明市,盘龙区,云南省 昆明市 盘龙区,2024,1
美洲牛蛙,25.179216094695565,102.01937857829944,云南省,楚雄彝族自治州,禄丰市,云南省 楚雄彝族自治州 禄丰市,2024,1
美洲牛蛙,39.953521170225514,116.51534338013552,北京市,北京市,朝阳区,北京市 朝阳区,2024,3
美洲牛蛙,40.02681354977087,116.23320722317207,北京市,北京市,海淀区,北京市 海淀区,2024,1
美洲牛蛙,23.738660167192396,120.96479657390617,台湾省,,,台湾省,2024,5
美洲牛蛙,30.83326919972393,103.87783832572575,四川省,成都市,郫都区,四川省 成都市 郫都区,2024,5
美洲牛蛙,31.41761299050136,104.6840102821869,四川省,绵阳市,涪城区,四川省 绵阳市 涪城区,2024,1
美洲牛蛙,39.10890940065142,117.15509008147556,天津市,天津市,南开区,天津市 南开区,2024,1
美洲牛蛙,31.47313998936436,115.77251091704741,安徽省,六安市,金寨县,安徽省 六安市 金寨县,2024,1
美洲牛蛙,37.115616167458626,122.40448062739002,山东省,威海市,荣成市,山东省 威海市 荣成市,2024,2
美洲牛蛙,36.187885482145155,120.58140118478666,山东省,青岛市,崂山区,山东省 青岛市 崂山区,2024,3
美洲牛蛙,36.06566625003413,120.36468003699656,山东省,青岛市,市南区,山东省 青岛市 市南区,2024,2
美洲牛蛙,22.822311707693924,112.66467542060461,广东省,佛山市,高明区,广东省 佛山市 高明区,2024,1
美洲牛蛙,23.289392822629097,113.32401256257137,广东省,广州市,白云区,广东省 广州市 白云区,2024,1
美洲牛蛙,22.95877511075617,108.54518301395117,广西壮族自治区,南宁市,兴宁区,广西壮族自治区 南宁市 兴宁区,2024,1
美洲牛蛙,32.9654090441209,118.53023680116324,江苏省,淮安市,盱眙县,江苏省 淮安市 盱眙县,2024,1
美洲牛蛙,30.059696723243665,122.062702094905,浙江省,舟山市,定海区,浙江省 舟山市 定海区,2024,2
美洲牛蛙,30.317683746816066,122.23806986352773,浙江省,舟山市,岱山县,浙江省 舟山市 岱山县,2024,7
美洲牛蛙,29.86188805971844,122.26931586338577,浙江省,舟山市,普陀区,浙江省 舟山市 普陀区,2024,9
美洲牛蛙,26.374465136352494,113.84414386422806,湖南省,株洲市,炎陵县,湖南省 株洲市 炎陵县,2024,2
美洲牛蛙,24.46169524033992,118.13139175692177,福建省,厦门市,思明区,福建省 厦门市 思明区,2024,2
美洲牛蛙,26.219728444432167,119.30759342469104,福建省,福州市,晋安区,福建省 福州市 晋安区,2024,1
美洲牛蛙,34.26987489988769,108.90156589423898,陕西省,西安市,莲湖区,陕西省 西安市 莲湖区,2024,1
美洲牛蛙,22.37267792146093,114.13739429964244,香港特别行政区,,,香港特别行政区,2024,1
美洲牛蛙,31.162980006993923,121.43940435148488,上海市,上海市,徐汇区,上海市 徐汇区,2025,1
美洲牛蛙,31.20739726769683,121.38096225131497,上海市,上海市,长宁区,上海市 长宁区,2025,1
美洲牛蛙,26.331045115325562,100.27126816402425,云南省,大理白族自治州,鹤庆县,云南省 大理白族自治州 鹤庆县,2025,1
美洲牛蛙,25.189558553208744,102.658649035696,云南省,昆明市,五华区,云南省 昆明市 五华区,2025,1
美洲牛蛙,25.29512235889356,103.0965593285036,云南省,昆明市,嵩明县,云南省 昆明市 嵩明县,2025,1
美洲牛蛙,24.973730320185417,102.55696696887667,云南省,昆明市,西山区,云南省 昆明市 西山区,2025,1
美洲牛蛙,24.87383868634437,101.32181984470027,云南省,楚雄彝族自治州,楚雄市,云南省 楚雄彝族自治州 楚雄市,2025,3
美洲牛蛙,39.83570937205291,116.25036719845197,北京市,北京市,丰台区,北京市 丰台区,2025,5
美洲牛蛙,39.912118804111465,116.36565977141743,北京市,北京市,西城区,北京市 西城区,2025,1
美洲牛蛙,23.738660167192396,120.96479657390617,台湾省,,,台湾省,2025,2
美洲牛蛙,30.688563288847323,104.1437145117814,四川省,成都市,成华区,四川省 成都市 成华区,2025,2
美洲牛蛙,30.60475980905398,104.02568775357243,四川省,成都市,武侯区,四川省 成都市 武侯区,2025,1
美洲牛蛙,31.0326462732468,103.63085219480605,四川省,成都市,都江堰市,四川省 成都市 都江堰市,2025,2
美洲牛蛙,30.67956726335655,103.98133640091255,四川省,成都市,青羊区,四川省 成都市 青羊区,2025,1
美洲牛蛙,37.27314740642859,121.57455576688082,山东省,烟台市,牟平区,山东省 烟台市 牟平区,2025,2
美洲牛蛙,37.48425307905695,121.13993592588942,山东省,烟台市,福山区,山东省 烟台市 福山区,2025,1
美洲牛蛙,23.069051312069263,113.03545441178815,广东省,佛山市,南海区,广东省 佛山市 南海区,2025,1
美洲牛蛙,22.541479061573185,113.93692963007186,广东省,深圳市,南山区,广东省 深圳市 南山区,2025,1
美洲牛蛙,22.54342661680557,114.04658779242284,广东省,深圳市,福田区,广东省 深圳市 福田区,2025,1
美洲牛蛙,22.63040438818055,114.35989497612883,广东省,深圳市,龙岗区,广东省 深圳市 龙岗区,2025,1
美洲牛蛙,32.009376765627366,118.7104051760245,江苏省,南京市,建邺区,江苏省 南京市 建邺区,2025,1
美洲牛蛙,32.15966845556967,118.95897002782178,江苏省,南京市,栖霞区,江苏省 南京市 栖霞区,2025,1
美洲牛蛙,31.590527321607958,119.03241906101645,江苏省,南京市,溧水区,江苏省 南京市 溧水区,2025,1
美洲牛蛙,32.012408623152794,118.81691970196191,江苏省,南京市,秦淮区,江苏省 南京市 秦淮区,2025,1
美洲牛蛙,31.938072367262723,118.69466219987484,江苏省,南京市,雨花台区,江苏省 南京市 雨花台区,2025,1
美洲牛蛙,32.02475919387573,114.43639122647565,河南省,信阳市,罗山县,河南省 信阳市 罗山县,2025,1
美洲牛蛙,28.846492045044446,121.2360471490002,浙江省,台州市,临海市,浙江省 台州市 临海市,2025,1
美洲牛蛙,30.200961806830172,120.08341957657353,浙江省,杭州市,西湖区,浙江省 杭州市 西湖区,2025,1
美洲牛蛙,27.966537533537892,120.5513449261373,浙江省,温州市,瓯海区,浙江省 温州市 瓯海区,2025,1
美洲牛蛙,30.059696723243665,122.062702094905,浙江省,舟山市,定海区,浙江省 舟山市 定海区,2025,1
美洲牛蛙,29.86188805971844,122.26931586338577,浙江省,舟山市,普陀区,浙江省 舟山市 普陀区,2025,2
美洲牛蛙,19.95845338633753,110.51742667945966,海南省,海口市,美兰区,海南省 海口市 美兰区,2025,1
美洲牛蛙,30.544764873720812,114.33971533320276,湖北省,武汉市,武昌区,湖北省 武汉市 武昌区,2025,1
美洲牛蛙,30.534800255979743,114.43278567631813,湖北省,武汉市,洪山区,湖北省 武汉市 洪山区,2025,2
美洲牛蛙,30.336326383907444,112.76254425710057,湖北省,潜江市,潜江市,湖北省 潜江市 潜江市,2025,1
美洲牛蛙,26.015794958867875,119.32125889211198,福建省,福州市,仓山区,福建省 福州市 仓山区,2025,1
美洲牛蛙,29.660568767266195,91.16191261271476,西藏自治区,拉萨市,城关区,西藏自治区 拉萨市 城关区,2025,1
美洲牛蛙,28.719283457877527,95.00197454835524,西藏自治区,林芝市,墨脱县,西藏自治区 林芝市 墨脱县,2025,1
美洲牛蛙,22.37267792146093,114.13739429964244,香港特别行政区,,,香港特别行政区,2025,1
美洲牛蛙,23.738660167192396,120.96479657390617,台湾省,,,台湾省,2026,1
美洲牛蛙,31.53036119162014,104.91553742624252,四川省,绵阳市,游仙区,四川省 绵阳市 游仙区,2026,1
美洲牛蛙,22.541479061573185,113.93692963007186,广东省,深圳市,南山区,广东省 深圳市 南山区,2026,1
豹纹翼甲鲶,23.738660167192396,120.96479657390617,台湾省,,,台湾省,2012,11
豹纹翼甲鲶,23.738660167192396,120.96479657390617,台湾省,,,台湾省,2013,8
豹纹翼甲鲶,23.738660167192396,120.96479657390617,台湾省,,,台湾省,2014,8
豹纹翼甲鲶,23.738660167192396,120.96479657390617,台湾省,,,台湾省,2015,11
豹纹翼甲鲶,23.738660167192396,120.96479657390617,台湾省,,,台湾省,2016,4
豹纹翼甲鲶,23.738660167192396,120.96479657390617,台湾省,,,台湾省,2019,4
豹纹翼甲鲶,23.738660167192396,120.96479657390617,台湾省,,,台湾省,2020,3
豹纹翼甲鲶,23.738660167192396,120.96479657390617,台湾省,,,台湾省,2021,10
豹纹翼甲鲶,23.738660167192396,120.96479657390617,台湾省,,,台湾省,2022,49
豹纹翼甲鲶,23.738660167192396,120.96479657390617,台湾省,,,台湾省,2023,30
豹纹翼甲鲶,23.738660167192396,120.96479657390617,台湾省,,,台湾省,2025,1
非洲大蜗牛,22.37267792146093,114.13739429964244,香港特别行政区,,,香港特别行政区,1967,1
非洲大蜗牛,23.738660167192396,120.96479657390617,台湾省,,,台湾省,1970,1
非洲大蜗牛,23.738660167192396,120.96479657390617,台湾省,,,台湾省,2001,1
非洲大蜗牛,23.738660167192396,120.96479657390617,台湾省,,,台湾省,2004,12
非洲大蜗牛,23.738660167192396,120.96479657390617,台湾省,,,台湾省,2005,34
非洲大蜗牛,23.738660167192396,120.96479657390617,台湾省,,,台湾省,2006,1
非洲大蜗牛,22.37267792146093,114.13739429964244,香港特别行政区,,,香港特别行政区,2006,1
非洲大蜗牛,23.738660167192396,120.96479657390617,台湾省,,,台湾省,2007,14
非洲大蜗牛,23.738660167192396,120.96479657390617,台湾省,,,台湾省,2008,31
非洲大蜗牛,23.738660167192396,120.96479657390617,台湾省,,,台湾省,2009,9
非洲大蜗牛,23.738660167192396,120.96479657390617,台湾省,,,台湾省,2012,2
鳄雀鳝,23.738660167192396,120.96479657390617,台湾省,,,台湾省,2012,1
鳄雀鳝,23.738660167192396,120.96479657390617,台湾省,,,台湾省,2013,1
鳄雀鳝,22.37267792146093,114.13739429964244,香港特别行政区,,,香港特别行政区,2019,1
鳄雀鳝,22.37267792146093,114.13739429964244,香港特别行政区,,,香港特别行政区,2022,1
鳄雀鳝,23.738660167192396,120.96479657390617,台湾省,,,台湾省,2024,2
鳄雀鳝,22.37267792146093,114.13739429964244,香港特别行政区,,,香港特别行政区,2024,1
齐氏罗非鱼,23.738660167192396,120.96479657390617,台湾省,,,台湾省,1951,1
齐氏罗非鱼,23.738660167192396,120.96479657390617,台湾省,,,台湾省,1984,2
齐氏罗非鱼,23.738660167192396,120.96479657390617,台湾省,,,台湾省,1991,2
齐氏罗非鱼,23.738660167192396,120.96479657390617,台湾省,,,台湾省,1993,1
齐氏罗非鱼,23.738660167192396,120.96479657390617,台湾省,,,台湾省,1997,1
齐氏罗非鱼,23.738660167192396,120.96479657390617,台湾省,,,台湾省,2001,2
齐氏罗非鱼,23.738660167192396,120.96479657390617,台湾省,,,台湾省,2002,5
齐氏罗非鱼,23.738660167192396,120.96479657390617,台湾省,,,台湾省,2004,14
齐氏罗非鱼,23.738660167192396,120.96479657390617,台湾省,,,台湾省,2005,14
齐氏罗非鱼,23.738660167192396,120.96479657390617,台湾省,,,台湾省,2006,6
齐氏罗非鱼,23.738660167192396,120.96479657390617,台湾省,,,台湾省,2009,17
齐氏罗非鱼,24.447230973457188,118.36778692074434,福建省,泉州市,金门县,福建省 泉州市 金门县,2009,3
齐氏罗非鱼,22.37267792146093,114.13739429964244,香港特别行政区,,,香港特别行政区,2009,2
齐氏罗非鱼,23.738660167192396,120.96479657390617,台湾省,,,台湾省,2010,7
齐氏罗非鱼,23.738660167192396,120.96479657390617,台湾省,,,台湾省,2012,6
齐氏罗非鱼,23.738660167192396,120.96479657390617,台湾省,,,台湾省,2013,6
齐氏罗非鱼,22.37267792146093,114.13739429964244,香港特别行政区,,,香港特别行政区,2013,1
齐氏罗非鱼,22.37267792146093,114.13739429964244,香港特别行政区,,,香港特别行政区,2014,1
齐氏罗非鱼,23.738660167192396,120.96479657390617,台湾省,,,台湾省,2015,8
齐氏罗非鱼,22.37267792146093,114.13739429964244,香港特别行政区,,,香港特别行政区,2015,1
齐氏罗非鱼,23.738660167192396,120.96479657390617,台湾省,,,台湾省,2016,1
齐氏罗非鱼,25.615003735213055,119.38411295332706,福建省,福州市,福清市,福建省 福州市 福清市,2016,1
齐氏罗非鱼,23.738660167192396,120.96479657390617,台湾省,,,台湾省,2017,2
齐氏罗非鱼,22.2237264774467,113.24522938518103,广东省,珠海市,斗门区,广东省 珠海市 斗门区,2017,1
齐氏罗非鱼,22.37267792146093,114.13739429964244,香港特别行政区,,,香港特别行政区,2017,3
齐氏罗非鱼,21.731777234582836,101.45274215689176,云南省,西双版纳傣族自治州,勐腊县,云南省 西双版纳傣族自治州 勐腊县,2018,1
齐氏罗非鱼,23.738660167192396,120.96479657390617,台湾省,,,台湾省,2018,17
齐氏罗非鱼,22.54342661680557,114.04658779242284,广东省,深圳市,福田区,广东省 深圳市 福田区,2018,1
齐氏罗非鱼,23.32828751008212,110.08015491200834,广西壮族自治区,贵港市,桂平市,广西壮族自治区 贵港市 桂平市,2018,1
齐氏罗非鱼,26.752341983241724,119.46025816550365,福建省,宁德市,蕉城区,福建省 宁德市 蕉城区,2018,2
齐氏罗非鱼,22.37267792146093,114.13739429964244,香港特别行政区,,,香港特别行政区,2018,3
齐氏罗非鱼,23.738660167192396,120.96479657390617,台湾省,,,台湾省,2019,11
齐氏罗非鱼,22.541479061573185,113.93692963007186,广东省,深圳市,南山区,广东省 深圳市 南山区,2019,1
齐氏罗非鱼,23.096483648442817,112.47061992297449,广东省,肇庆市,端州区,广东省 肇庆市 端州区,2019,1
齐氏罗非鱼,26.752341983241724,119.46025816550365,福建省,宁德市,蕉城区,福建省 宁德市 蕉城区,2019,2
齐氏罗非鱼,22.37267792146093,114.13739429964244,香港特别行政区,,,香港特别行政区,2019,15
齐氏罗非鱼,23.738660167192396,120.96479657390617,台湾省,,,台湾省,2020,4
齐氏罗非鱼,22.688530876090912,114.36184923239462,广东省,深圳市,坪山区,广东省 深圳市 坪山区,2020,1
齐氏罗非鱼,22.593632942589913,114.27510042512219,广东省,深圳市,盐田区,广东省 深圳市 盐田区,2020,1
齐氏罗非鱼,21.76096209893492,108.06760901592462,广西壮族自治区,防城港市,防城区,广西壮族自治区 防城港市 防城区,2020,1
齐氏罗非鱼,26.752341983241724,119.46025816550365,福建省,宁德市,蕉城区,福建省 宁德市 蕉城区,2020,1
齐氏罗非鱼,22.37267792146093,114.13739429964244,香港特别行政区,,,香港特别行政区,2020,2
齐氏罗非鱼,23.738660167192396,120.96479657390617,台湾省,,,台湾省,2021,26
齐氏罗非鱼,23.088038389909027,113.22780515462921,广东省,广州市,荔湾区,广东省 广州市 荔湾区,2021,1
齐氏罗非鱼,22.541479061573185,113.93692963007186,广东省,深圳市,南山区,广东省 深圳市 南山区,2021,3
齐氏罗非鱼,22.574805405889677,114.14808460667635,广东省,深圳市,罗湖区,广东省 深圳市 罗湖区,2021,1
齐氏罗非鱼,23.096483648442817,112.47061992297449,广东省,肇庆市,端州区,广东省 肇庆市 端州区,2021,3
齐氏罗非鱼,23.20275888544646,112.61551139239012,广东省,肇庆市,鼎湖区,广东省 肇庆市 鼎湖区,2021,1
齐氏罗非鱼,26.219728444432167,119.30759342469104,福建省,福州市,晋安区,福建省 福州市 晋安区,2021,1
齐氏罗非鱼,22.37267792146093,114.13739429964244,香港特别行政区,,,香港特别行政区,2021,16
齐氏罗非鱼,22.73288138626794,100.84870782890448,云南省,普洱市,思茅区,云南省 普洱市 思茅区,2022,1
齐氏罗非鱼,21.731777234582836,101.45274215689176,云南省,西双版纳傣族自治州,勐腊县,云南省 西双版纳傣族自治州 勐腊县,2022,1
齐氏罗非鱼,23.738660167192396,120.96479657390617,台湾省,,,台湾省,2022,106
齐氏罗非鱼,22.93174639737353,113.88000258731022,广东省,东莞市,东莞市,广东省 东莞市 东莞市,2022,1
齐氏罗非鱼,22.745674175645085,113.5378788175765,广东省,广州市,南沙区,广东省 广州市 南沙区,2022,1
齐氏罗非鱼,23.289392822629097,113.32401256257137,广东省,广州市,白云区,广东省 广州市 白云区,2022,1
齐氏罗非鱼,22.86185777663582,114.47268489427681,广东省,惠州市,惠阳区,广东省 惠州市 惠阳区,2022,1
齐氏罗非鱼,22.54342661680557,114.04658779242284,广东省,深圳市,福田区,广东省 深圳市 福田区,2022,1
齐氏罗非鱼,22.63040438818055,114.35989497612883,广东省,深圳市,龙岗区,广东省 深圳市 龙岗区,2022,3
齐氏罗非鱼,23.93706973318694,106.49821852312016,广西壮族自治区,百色市,右江区,广西壮族自治区 百色市 右江区,2022,1
齐氏罗非鱼,32.15966845556967,118.95897002782178,江苏省,南京市,栖霞区,江苏省 南京市 栖霞区,2022,1
齐氏罗非鱼,19.907278042869024,110.22924746939891,海南省,海口市,秀英区,海南省 海口市 秀英区,2022,1
齐氏罗非鱼,24.46169524033992,118.13139175692177,福建省,厦门市,思明区,福建省 厦门市 思明区,2022,1
齐氏罗非鱼,25.8521031703133,118.78942545386555,福建省,福州市,永泰县,福建省 福州市 永泰县,2022,1
齐氏罗非鱼,22.37267792146093,114.13739429964244,香港特别行政区,,,香港特别行政区,2022,9
齐氏罗非鱼,25.05826025446868,102.88600693304276,云南省,昆明市,官渡区,云南省 昆明市 官渡区,2023,1
齐氏罗非鱼,25.941092207383214,101.23687612147553,云南省,楚雄彝族自治州,大姚县,云南省 楚雄彝族自治州 大姚县,2023,1
齐氏罗非鱼,21.731777234582836,101.45274215689176,云南省,西双版纳傣族自治州,勐腊县,云南省 西双版纳傣族自治州 勐腊县,2023,1
齐氏罗非鱼,23.738660167192396,120.96479657390617,台湾省,,,台湾省,2023,216
齐氏罗非鱼,22.97365613364083,113.40681932302805,广东省,广州市,番禺区,广东省 广州市 番禺区,2023,1
齐氏罗非鱼,23.132948647625756,113.28139897893489,广东省,广州市,越秀区,广东省 广州市 越秀区,2023,1
齐氏罗非鱼,24.688913945070205,115.92621186953939,广东省,梅州市,平远县,广东省 梅州市 平远县,2023,1
齐氏罗非鱼,22.63040438818055,114.35989497612883,广东省,深圳市,龙岗区,广东省 深圳市 龙岗区,2023,3
齐氏罗非鱼,22.02976363207944,113.28463561885742,广东省,珠海市,金湾区,广东省 珠海市 金湾区,2023,1
齐氏罗非鱼,24.80548393825691,113.16952019753163,广东省,韶关市,乳源瑶族自治县,广东省 韶关市 乳源瑶族自治县,2023,1
齐氏罗非鱼,22.916611272709037,108.08329082828004,广西壮族自治区,南宁市,西乡塘区,广西壮族自治区 南宁市 西乡塘区,2023,1
齐氏罗非鱼,22.518211865617452,107.82401030145232,广西壮族自治区,崇左市,扶绥县,广西壮族自治区 崇左市 扶绥县,2023,1
齐氏罗非鱼,24.363079471531243,109.46492429587704,广西壮族自治区,柳州市,城中区,广西壮族自治区 柳州市 城中区,2023,3
齐氏罗非鱼,28.44058553440996,119.8434150413645,浙江省,丽水市,莲都区,浙江省 丽水市 莲都区,2023,1
齐氏罗非鱼,22.15993981190928,113.56722957508072,澳门特别行政区,,,澳门特别行政区,2023,2
齐氏罗非鱼,24.629009674360727,118.02747753230996,福建省,厦门市,集美区,福建省 厦门市 集美区,2023,1
齐氏罗非鱼,24.754102086534484,116.817351359752,福建省,龙岩市,永定区,福建省 龙岩市 永定区,2023,1
齐氏罗非鱼,25.374532407330648,117.44233070958116,福建省,龙岩市,漳平市,福建省 龙岩市 漳平市,2023,3
齐氏罗非鱼,22.37267792146093,114.13739429964244,香港特别行政区,,,香港特别行政区,2023,6
齐氏罗非鱼,22.10514352375971,100.91894501697938,云南省,西双版纳傣族自治州,景洪市,云南省 西双版纳傣族自治州 景洪市,2024,1
齐氏罗非鱼,23.738660167192396,120.96479657390617,台湾省,,,台湾省,2024,73
齐氏罗非鱼,22.93174639737353,113.88000258731022,广东省,东莞市,东莞市,广东省 东莞市 东莞市,2024,1
齐氏罗非鱼,23.069051312069263,113.03545441178815,广东省,佛山市,南海区,广东省 佛山市 南海区,2024,1
齐氏罗非鱼,22.841331704709162,113.18393132874697,广东省,佛山市,顺德区,广东省 佛山市 顺德区,2024,1
齐氏罗非鱼,23.289392822629097,113.32401256257137,广东省,广州市,白云区,广东省 广州市 白云区,2024,1
齐氏罗非鱼,22.763188580061243,113.93123966275576,广东省,深圳市,光明区,广东省 深圳市 光明区,2024,1
齐氏罗非鱼,22.688530876090912,114.36184923239462,广东省,深圳市,坪山区,广东省 深圳市 坪山区,2024,2
齐氏罗非鱼,22.593632942589913,114.27510042512219,广东省,深圳市,盐田区,广东省 深圳市 盐田区,2024,1
齐氏罗非鱼,22.54342661680557,114.04658779242284,广东省,深圳市,福田区,广东省 深圳市 福田区,2024,4
齐氏罗非鱼,22.63040438818055,114.35989497612883,广东省,深圳市,龙岗区,广东省 深圳市 龙岗区,2024,1
齐氏罗非鱼,22.02976363207944,113.28463561885742,广东省,珠海市,金湾区,广东省 珠海市 金湾区,2024,1
齐氏罗非鱼,22.214275563004684,113.60911530547327,广东省,珠海市,香洲区,广东省 珠海市 香洲区,2024,4
齐氏罗非鱼,21.7122376481476,111.60232950487243,广东省,阳江市,阳西县,广东省 阳江市 阳西县,2024,1
齐氏罗非鱼,22.792858258126913,109.92300542991761,广西壮族自治区,玉林市,兴业县,广西壮族自治区 玉林市 兴业县,2024,1
齐氏罗非鱼,19.578929273667256,109.38986480282703,海南省,儋州市,儋州市,海南省 儋州市 儋州市,2024,1
齐氏罗非鱼,19.210213798048272,110.42190553498233,海南省,琼海市,琼海市,海南省 琼海市 琼海市,2024,2
齐氏罗非鱼,22.15993981190928,113.56722957508072,澳门特别行政区,,,澳门特别行政区,2024,4
齐氏罗非鱼,24.629009674360727,118.02747753230996,福建省,厦门市,集美区,福建省 厦门市 集美区,2024,1
齐氏罗非鱼,24.447230973457188,118.36778692074434,福建省,泉州市,金门县,福建省 泉州市 金门县,2024,6
齐氏罗非鱼,22.37267792146093,114.13739429964244,香港特别行政区,,,香港特别行政区,2024,19
齐氏罗非鱼,23.738660167192396,120.96479657390617,台湾省,,,台湾省,2025,152
齐氏罗非鱼,22.93174639737353,113.88000258731022,广东省,东莞市,东莞市,广东省 东莞市 东莞市,2025,1
齐氏罗非鱼,22.51752542481116,113.4045298350969,广东省,中山市,中山市,广东省 中山市 中山市,2025,1
齐氏罗非鱼,23.069051312069263,113.03545441178815,广东省,佛山市,南海区,广东省 佛山市 南海区,2025,1
齐氏罗非鱼,23.159803895574566,113.37623285672979,广东省,广州市,天河区,广东省 广州市 天河区,2025,1
齐氏罗非鱼,23.081999246379624,113.32667665541175,广东省,广州市,海珠区,广东省 广州市 海珠区,2025,2
齐氏罗非鱼,23.289392822629097,113.32401256257137,广东省,广州市,白云区,广东省 广州市 白云区,2025,3
齐氏罗非鱼,23.132948647625756,113.28139897893489,广东省,广州市,越秀区,广东省 广州市 越秀区,2025,3
齐氏罗非鱼,24.676438030676966,116.1897587057387,广东省,梅州市,蕉岭县,广东省 梅州市 蕉岭县,2025,1
齐氏罗非鱼,22.688530876090912,114.36184923239462,广东省,深圳市,坪山区,广东省 深圳市 坪山区,2025,1
齐氏罗非鱼,22.574805405889677,114.14808460667635,广东省,深圳市,罗湖区,广东省 深圳市 罗湖区,2025,2
齐氏罗非鱼,22.68402547262074,114.03474849092768,广东省,深圳市,龙华区,广东省 深圳市 龙华区,2025,1
齐氏罗非鱼,22.63040438818055,114.35989497612883,广东省,深圳市,龙岗区,广东省 深圳市 龙岗区,2025,2
齐氏罗非鱼,24.21978293019386,113.31800286870065,广东省,清远市,英德市,广东省 清远市 英德市,2025,1
齐氏罗非鱼,22.02976363207944,113.28463561885742,广东省,珠海市,金湾区,广东省 珠海市 金湾区,2025,1
齐氏罗非鱼,22.818875067966935,108.65476914261244,广西壮族自治区,南宁市,青秀区,广西壮族自治区 南宁市 青秀区,2025,1
齐氏罗非鱼,23.93706973318694,106.49821852312016,广西壮族自治区,百色市,右江区,广西壮族自治区 百色市 右江区,2025,1
齐氏罗非鱼,32.05282135518315,118.56283041725607,江苏省,南京市,浦口区,江苏省 南京市 浦口区,2025,1
齐氏罗非鱼,28.44058553440996,119.8434150413645,浙江省,丽水市,莲都区,浙江省 丽水市 莲都区,2025,1
齐氏罗非鱼,27.966537533537892,120.5513449261373,浙江省,温州市,瓯海区,浙江省 温州市 瓯海区,2025,1
齐氏罗非鱼,18.262591466450043,109.59645812318749,海南省,三亚市,吉阳区,海南省 三亚市 吉阳区,2025,2
齐氏罗非鱼,19.8681884395923,110.33591944156042,海南省,海口市,龙华区,海南省 海口市 龙华区,2025,1
齐氏罗非鱼,22.15993981190928,113.56722957508072,澳门特别行政区,,,澳门特别行政区,2025,11
齐氏罗非鱼,26.44084837826331,117.81218865045102,福建省,三明市,沙县区,福建省 三明市 沙县区,2025,3
齐氏罗非鱼,27.74178864761444,118.00502292562268,福建省,南平市,武夷山市,福建省 南平市 武夷山市,2025,1
齐氏罗非鱼,24.46169524033992,118.13139175692177,福建省,厦门市,思明区,福建省 厦门市 思明区,2025,1
齐氏罗非鱼,24.912657548667507,117.53508345344646,福建省,漳州市,华安县,福建省 漳州市 华安县,2025,1
齐氏罗非鱼,26.015794958867875,119.32125889211198,福建省,福州市,仓山区,福建省 福州市 仓山区,2025,2
齐氏罗非鱼,24.754102086534484,116.817351359752,福建省,龙岩市,永定区,福建省 龙岩市 永定区,2025,1
齐氏罗非鱼,22.37267792146093,114.13739429964244,香港特别行政区,,,香港特别行政区,2025,22
齐氏罗非鱼,23.738660167192396,120.96479657390617,台湾省,,,台湾省,2026,5
齐氏罗非鱼,23.216988505018627,113.50815198341076,广东省,广州市,黄埔区,广东省 广州市 黄埔区,2026,1
齐氏罗非鱼,22.63040438818055,114.35989497612883,广东省,深圳市,龙岗区,广东省 深圳市 龙岗区,2026,1
齐氏罗非鱼,19.73335228941943,110.49774742149958,海南省,海口市,琼山区,海南省 海口市 琼山区,2026,1
齐氏罗非鱼,19.69977926262964,109.99010564560942,海南省,澄迈县,澄迈县,海南省 澄迈县 澄迈县,2026,1
齐氏罗非鱼,22.37267792146093,114.13739429964244,香港特别行政区,,,香港特别行政区,2026,3
